obscd,obsnm,timestr,wl
11105201,Angono,2021-04-08 23:50,11.27
11105201,Angono,2021-04-08 23:40,11.27
11105201,Angono,2021-04-08 23:30,11.27
11105201,Angono,2021-04-08 23:20,11.27
11105201,Angono,2021-04-08 23:10,11.27
11105201,Angono,2021-04-08 23:00,11.27
11105201,Angono,2021-04-08 22:50,11.28
11105201,Angono,2021-04-08 22:40,11.28
11105201,Angono,2021-04-08 22:30,11.28
11105201,Angono,2021-04-08 22:20,11.28
11105201,Angono,2021-04-08 22:10,11.28
11105201,Angono,2021-04-08 22:00,11.28
11105201,Angono,2021-04-08 21:50,11.28
11105201,Angono,2021-04-08 21:40,11.28
11105201,Angono,2021-04-08 21:30,11.28
11105201,Angono,2021-04-08 21:20,11.28
11105201,Angono,2021-04-08 21:10,11.28
11105201,Angono,2021-04-08 21:00,11.28
11105201,Angono,2021-04-08 20:50,11.28
11105201,Angono,2021-04-08 20:40,11.28
11105201,Angono,2021-04-08 20:30,11.28
11105201,Angono,2021-04-08 20:20,11.28
11105201,Angono,2021-04-08 20:10,11.28
11105201,Angono,2021-04-08 20:00,11.28
11105201,Angono,2021-04-08 19:50,11.27
11105201,Angono,2021-04-08 19:40,11.27
11105201,Angono,2021-04-08 19:30,11.27
11105201,Angono,2021-04-08 19:20,11.27
11105201,Angono,2021-04-08 19:10,11.27
11105201,Angono,2021-04-08 19:00,11.27
11105201,Angono,2021-04-08 18:50,11.28
11105201,Angono,2021-04-08 18:40,11.28
11105201,Angono,2021-04-08 18:30,11.28
11105201,Angono,2021-04-08 18:20,11.28
11105201,Angono,2021-04-08 18:10,11.28
11105201,Angono,2021-04-08 18:00,11.28
11105201,Angono,2021-04-08 17:50,11.29
11105201,Angono,2021-04-08 17:40,11.29
11105201,Angono,2021-04-08 17:30,11.29
11105201,Angono,2021-04-08 17:20,11.29
11105201,Angono,2021-04-08 17:10,11.29
11105201,Angono,2021-04-08 17:00,11.29
11105201,Angono,2021-04-08 16:50,11.29
11105201,Angono,2021-04-08 16:40,11.29
11105201,Angono,2021-04-08 16:30,11.29
11105201,Angono,2021-04-08 16:20,11.29
11105201,Angono,2021-04-08 16:10,11.29
11105201,Angono,2021-04-08 16:00,11.29
11105201,Angono,2021-04-08 15:50,11.29
11105201,Angono,2021-04-08 15:40,11.29
11105201,Angono,2021-04-08 15:30,11.29
11105201,Angono,2021-04-08 15:20,11.29
11105201,Angono,2021-04-08 15:10,11.29
11105201,Angono,2021-04-08 15:00,11.29
11105201,Angono,2021-04-08 14:50,11.29
11105201,Angono,2021-04-08 14:40,11.29
11105201,Angono,2021-04-08 14:30,11.29
11105201,Angono,2021-04-08 14:20,11.29
11105201,Angono,2021-04-08 14:10,11.29
11105201,Angono,2021-04-08 14:00,11.29
11105201,Angono,2021-04-08 13:50,11.27
11105201,Angono,2021-04-08 13:40,11.27
11105201,Angono,2021-04-08 13:30,11.27
11105201,Angono,2021-04-08 13:20,11.27
11105201,Angono,2021-04-08 13:10,11.27
11105201,Angono,2021-04-08 12:50,11.27
11105201,Angono,2021-04-08 12:40,11.27
11105201,Angono,2021-04-08 12:30,11.27
11105201,Angono,2021-04-08 12:20,11.27
11105201,Angono,2021-04-08 12:10,11.27
11105201,Angono,2021-04-08 12:00,11.27
11105201,Angono,2021-04-08 11:50,0.00
11105201,Angono,2021-04-08 11:40,0.00
11102203,Burgos,2021-04-08 23:50,26.68
11102203,Burgos,2021-04-08 23:40,26.68
11102203,Burgos,2021-04-08 23:30,26.68
11102203,Burgos,2021-04-08 23:20,26.68
11102203,Burgos,2021-04-08 23:10,26.68
11102203,Burgos,2021-04-08 23:00,26.68
11102203,Burgos,2021-04-08 22:50,26.68
11102203,Burgos,2021-04-08 22:40,26.68
11102203,Burgos,2021-04-08 22:30,26.68
11102203,Burgos,2021-04-08 22:20,26.68
11102203,Burgos,2021-04-08 22:10,26.68
11102203,Burgos,2021-04-08 22:00,26.68
11102203,Burgos,2021-04-08 21:50,26.68
11102203,Burgos,2021-04-08 21:40,26.68
11102203,Burgos,2021-04-08 21:30,26.68
11102203,Burgos,2021-04-08 21:20,26.68
11102203,Burgos,2021-04-08 21:10,26.68
11102203,Burgos,2021-04-08 21:00,26.68
11102203,Burgos,2021-04-08 20:50,26.68
11102203,Burgos,2021-04-08 20:40,26.68
11102203,Burgos,2021-04-08 20:30,26.68
11102203,Burgos,2021-04-08 20:20,26.68
11102203,Burgos,2021-04-08 20:10,26.68
11102203,Burgos,2021-04-08 20:00,26.68
11102203,Burgos,2021-04-08 19:50,26.68
11102203,Burgos,2021-04-08 19:40,26.68
11102203,Burgos,2021-04-08 19:30,26.68
11102203,Burgos,2021-04-08 19:20,26.68
11102203,Burgos,2021-04-08 19:10,26.68
11102203,Burgos,2021-04-08 19:00,26.68
11102203,Burgos,2021-04-08 18:50,26.68
11102203,Burgos,2021-04-08 18:40,26.68
11102203,Burgos,2021-04-08 18:30,26.68
11102203,Burgos,2021-04-08 18:20,26.68
11102203,Burgos,2021-04-08 18:10,26.68
11102203,Burgos,2021-04-08 18:00,26.68
11102203,Burgos,2021-04-08 17:50,26.68
11102203,Burgos,2021-04-08 17:40,26.68
11102203,Burgos,2021-04-08 17:30,26.68
11102203,Burgos,2021-04-08 17:20,26.68
11102203,Burgos,2021-04-08 17:10,26.68
11102203,Burgos,2021-04-08 17:00,26.68
11102203,Burgos,2021-04-08 16:50,26.68
11102203,Burgos,2021-04-08 16:40,26.68
11102203,Burgos,2021-04-08 16:30,26.68
11102203,Burgos,2021-04-08 16:20,26.68
11102203,Burgos,2021-04-08 16:10,26.68
11102203,Burgos,2021-04-08 16:00,26.68
11102203,Burgos,2021-04-08 15:50,26.68
11102203,Burgos,2021-04-08 15:40,26.68
11102203,Burgos,2021-04-08 15:30,26.68
11102203,Burgos,2021-04-08 15:20,26.68
11102203,Burgos,2021-04-08 15:10,26.68
11102203,Burgos,2021-04-08 15:00,26.68
11102203,Burgos,2021-04-08 14:50,26.68
11102203,Burgos,2021-04-08 14:40,26.68
11102203,Burgos,2021-04-08 14:30,26.68
11102203,Burgos,2021-04-08 14:20,26.68
11102203,Burgos,2021-04-08 14:10,26.68
11102203,Burgos,2021-04-08 14:00,26.68
11102203,Burgos,2021-04-08 13:50,26.68
11102203,Burgos,2021-04-08 13:40,26.68
11102203,Burgos,2021-04-08 13:30,26.68
11102203,Burgos,2021-04-08 13:20,26.68
11102203,Burgos,2021-04-08 13:10,26.68
11102203,Burgos,2021-04-08 12:50,26.68
11102203,Burgos,2021-04-08 12:40,26.68
11102203,Burgos,2021-04-08 11:10,26.68
11102203,Burgos,2021-04-08 11:00,26.68
11102203,Burgos,2021-04-08 10:50,26.68
11102203,Burgos,2021-04-08 10:40,26.68
11102203,Burgos,2021-04-08 10:30,26.68
11102203,Burgos,2021-04-08 10:20,26.68
11102203,Burgos,2021-04-08 10:10,26.68
11102203,Burgos,2021-04-08 10:00,26.68
11102203,Burgos,2021-04-08 09:50,26.68
11102203,Burgos,2021-04-08 09:40,26.68
11102203,Burgos,2021-04-08 09:30,26.68
11102203,Burgos,2021-04-08 09:20,26.68
11102203,Burgos,2021-04-08 09:10,26.68
11102203,Burgos,2021-04-08 09:00,26.68
11102203,Burgos,2021-04-08 08:50,26.68
11102203,Burgos,2021-04-08 08:40,26.68
11102203,Burgos,2021-04-08 08:30,26.68
11102203,Burgos,2021-04-08 08:20,26.68
11102203,Burgos,2021-04-08 08:10,26.68
11102203,Burgos,2021-04-08 08:00,26.68
11102203,Burgos,2021-04-08 07:50,26.68
11102203,Burgos,2021-04-08 07:40,26.68
11102203,Burgos,2021-04-08 07:30,26.68
11102203,Burgos,2021-04-08 07:20,26.68
11102203,Burgos,2021-04-08 07:10,26.68
11102203,Burgos,2021-04-08 07:00,26.68
11102203,Burgos,2021-04-08 06:50,26.68
11102203,Burgos,2021-04-08 06:40,26.68
11102203,Burgos,2021-04-08 06:30,26.68
11102203,Burgos,2021-04-08 06:20,26.68
11102203,Burgos,2021-04-08 06:10,26.68
11102203,Burgos,2021-04-08 06:00,26.68
11102203,Burgos,2021-04-08 05:50,26.68
11102203,Burgos,2021-04-08 05:40,26.68
11102203,Burgos,2021-04-08 05:30,26.68
11102203,Burgos,2021-04-08 05:20,26.68
11102203,Burgos,2021-04-08 05:10,26.68
11102203,Burgos,2021-04-08 05:00,26.68
11102203,Burgos,2021-04-08 04:50,26.68
11102203,Burgos,2021-04-08 04:40,26.68
11102203,Burgos,2021-04-08 04:30,26.68
11102203,Burgos,2021-04-08 04:20,26.68
11102203,Burgos,2021-04-08 04:10,26.68
11102203,Burgos,2021-04-08 04:00,26.68
11102203,Burgos,2021-04-08 03:50,26.68
11102203,Burgos,2021-04-08 03:40,26.68
11102203,Burgos,2021-04-08 03:30,26.68
11102203,Burgos,2021-04-08 03:20,26.68
11102203,Burgos,2021-04-08 03:10,26.68
11102203,Burgos,2021-04-08 03:00,26.68
11102203,Burgos,2021-04-08 02:50,26.68
11102203,Burgos,2021-04-08 02:40,26.68
11102203,Burgos,2021-04-08 02:30,26.68
11102203,Burgos,2021-04-08 02:20,26.68
11102203,Burgos,2021-04-08 02:10,26.68
11102203,Burgos,2021-04-08 02:00,26.68
11102203,Burgos,2021-04-08 01:50,26.68
11102203,Burgos,2021-04-08 01:40,26.68
11102203,Burgos,2021-04-08 01:30,26.68
11102203,Burgos,2021-04-08 01:20,26.68
11102203,Burgos,2021-04-08 01:10,26.68
11102203,Burgos,2021-04-08 01:00,26.68
11102203,Burgos,2021-04-08 00:50,26.68
11102203,Burgos,2021-04-08 00:40,26.68
11102203,Burgos,2021-04-08 00:30,26.68
11102203,Burgos,2021-04-08 00:20,26.68
11102203,Burgos,2021-04-08 00:10,26.68
11102203,Burgos,2021-04-08 00:00,26.68
11303202,C4 Bridge,2021-04-08 23:50,0.00
11303202,C4 Bridge,2021-04-08 23:40,0.00
11303202,C4 Bridge,2021-04-08 23:30,0.00
11303202,C4 Bridge,2021-04-08 23:20,0.00
11303202,C4 Bridge,2021-04-08 23:10,0.00
11303202,C4 Bridge,2021-04-08 23:00,0.00
11303202,C4 Bridge,2021-04-08 22:50,0.00
11303202,C4 Bridge,2021-04-08 22:40,0.00
11303202,C4 Bridge,2021-04-08 22:30,0.00
11303202,C4 Bridge,2021-04-08 22:20,0.00
11303202,C4 Bridge,2021-04-08 22:10,0.00
11303202,C4 Bridge,2021-04-08 22:00,0.00
11303202,C4 Bridge,2021-04-08 21:50,0.00
11303202,C4 Bridge,2021-04-08 21:40,0.00
11303202,C4 Bridge,2021-04-08 21:30,0.00
11303202,C4 Bridge,2021-04-08 21:20,0.00
11303202,C4 Bridge,2021-04-08 21:10,0.00
11303202,C4 Bridge,2021-04-08 21:00,0.00
11303202,C4 Bridge,2021-04-08 20:50,0.00
11303202,C4 Bridge,2021-04-08 20:40,0.00
11303202,C4 Bridge,2021-04-08 20:30,0.00
11303202,C4 Bridge,2021-04-08 20:20,0.00
11303202,C4 Bridge,2021-04-08 20:10,0.00
11303202,C4 Bridge,2021-04-08 20:00,0.00
11303202,C4 Bridge,2021-04-08 19:50,0.00
11303202,C4 Bridge,2021-04-08 19:40,0.00
11303202,C4 Bridge,2021-04-08 19:30,0.00
11303202,C4 Bridge,2021-04-08 19:20,0.00
11303202,C4 Bridge,2021-04-08 19:10,0.00
11303202,C4 Bridge,2021-04-08 19:00,0.00
11303202,C4 Bridge,2021-04-08 18:50,0.00
11303202,C4 Bridge,2021-04-08 18:40,0.00
11303202,C4 Bridge,2021-04-08 18:30,0.00
11303202,C4 Bridge,2021-04-08 18:20,0.00
11303202,C4 Bridge,2021-04-08 18:10,0.00
11303202,C4 Bridge,2021-04-08 18:00,0.00
11303202,C4 Bridge,2021-04-08 17:50,0.00
11303202,C4 Bridge,2021-04-08 17:40,0.00
11303202,C4 Bridge,2021-04-08 17:30,0.00
11303202,C4 Bridge,2021-04-08 17:20,0.00
11303202,C4 Bridge,2021-04-08 17:10,0.00
11303202,C4 Bridge,2021-04-08 17:00,0.00
11303202,C4 Bridge,2021-04-08 16:50,0.00
11303202,C4 Bridge,2021-04-08 16:40,0.00
11303202,C4 Bridge,2021-04-08 16:30,0.00
11303202,C4 Bridge,2021-04-08 16:20,0.00
11303202,C4 Bridge,2021-04-08 16:10,0.00
11303202,C4 Bridge,2021-04-08 16:00,0.00
11303202,C4 Bridge,2021-04-08 15:50,0.00
11303202,C4 Bridge,2021-04-08 15:40,0.00
11303202,C4 Bridge,2021-04-08 15:30,0.00
11303202,C4 Bridge,2021-04-08 15:20,0.00
11303202,C4 Bridge,2021-04-08 15:10,0.00
11303202,C4 Bridge,2021-04-08 15:00,0.00
11303202,C4 Bridge,2021-04-08 14:50,0.00
11303202,C4 Bridge,2021-04-08 14:40,0.00
11303202,C4 Bridge,2021-04-08 14:30,0.00
11303202,C4 Bridge,2021-04-08 14:20,0.00
11303202,C4 Bridge,2021-04-08 14:10,0.00
11303202,C4 Bridge,2021-04-08 14:00,0.00
11303202,C4 Bridge,2021-04-08 13:50,0.00
11303202,C4 Bridge,2021-04-08 13:40,0.00
11303202,C4 Bridge,2021-04-08 13:30,0.00
11303202,C4 Bridge,2021-04-08 13:20,0.00
11303202,C4 Bridge,2021-04-08 13:10,0.00
11303202,C4 Bridge,2021-04-08 12:50,0.00
11303202,C4 Bridge,2021-04-08 12:40,0.00
11204202,Fort Santiago,2021-04-08 23:50,11.32
11204202,Fort Santiago,2021-04-08 23:40,11.32
11204202,Fort Santiago,2021-04-08 23:30,11.32
11204202,Fort Santiago,2021-04-08 23:20,11.32
11204202,Fort Santiago,2021-04-08 23:10,11.32
11204202,Fort Santiago,2021-04-08 23:00,11.32
11204202,Fort Santiago,2021-04-08 22:50,11.46
11204202,Fort Santiago,2021-04-08 22:40,11.46
11204202,Fort Santiago,2021-04-08 22:30,11.46
11204202,Fort Santiago,2021-04-08 22:20,11.46
11204202,Fort Santiago,2021-04-08 22:10,11.46
11204202,Fort Santiago,2021-04-08 22:00,11.46
11204202,Fort Santiago,2021-04-08 21:50,11.56
11204202,Fort Santiago,2021-04-08 21:40,11.56
11204202,Fort Santiago,2021-04-08 21:30,11.56
11204202,Fort Santiago,2021-04-08 21:20,11.56
11204202,Fort Santiago,2021-04-08 21:10,11.56
11204202,Fort Santiago,2021-04-08 21:00,11.56
11204202,Fort Santiago,2021-04-08 20:50,11.59
11204202,Fort Santiago,2021-04-08 20:40,11.59
11204202,Fort Santiago,2021-04-08 20:30,11.59
11204202,Fort Santiago,2021-04-08 20:20,11.59
11204202,Fort Santiago,2021-04-08 20:10,11.59
11204202,Fort Santiago,2021-04-08 20:00,11.59
11204202,Fort Santiago,2021-04-08 19:50,11.61
11204202,Fort Santiago,2021-04-08 19:40,11.61
11204202,Fort Santiago,2021-04-08 19:30,11.61
11204202,Fort Santiago,2021-04-08 19:20,11.61
11204202,Fort Santiago,2021-04-08 19:10,11.61
11204202,Fort Santiago,2021-04-08 19:00,11.61
11204202,Fort Santiago,2021-04-08 18:50,11.55
11204202,Fort Santiago,2021-04-08 18:40,11.55
11204202,Fort Santiago,2021-04-08 18:30,11.55
11204202,Fort Santiago,2021-04-08 18:20,11.55
11204202,Fort Santiago,2021-04-08 18:10,11.55
11204202,Fort Santiago,2021-04-08 18:00,11.55
11204202,Fort Santiago,2021-04-08 17:50,11.48
11204202,Fort Santiago,2021-04-08 17:40,11.48
11204202,Fort Santiago,2021-04-08 17:30,11.48
11204202,Fort Santiago,2021-04-08 17:20,11.48
11204202,Fort Santiago,2021-04-08 17:10,11.48
11204202,Fort Santiago,2021-04-08 17:00,11.48
11204202,Fort Santiago,2021-04-08 16:50,11.38
11204202,Fort Santiago,2021-04-08 16:40,11.38
11204202,Fort Santiago,2021-04-08 16:30,11.38
11204202,Fort Santiago,2021-04-08 16:20,11.38
11204202,Fort Santiago,2021-04-08 16:10,11.38
11204202,Fort Santiago,2021-04-08 16:00,11.38
11204202,Fort Santiago,2021-04-08 15:50,11.27
11204202,Fort Santiago,2021-04-08 15:40,11.27
11204202,Fort Santiago,2021-04-08 15:30,11.27
11204202,Fort Santiago,2021-04-08 15:20,11.27
11204202,Fort Santiago,2021-04-08 15:10,11.27
11204202,Fort Santiago,2021-04-08 15:00,11.27
11204202,Fort Santiago,2021-04-08 14:50,11.20
11204202,Fort Santiago,2021-04-08 14:40,11.20
11204202,Fort Santiago,2021-04-08 14:30,11.20
11204202,Fort Santiago,2021-04-08 14:20,11.20
11204202,Fort Santiago,2021-04-08 14:10,11.20
11204202,Fort Santiago,2021-04-08 14:00,11.20
11204202,Fort Santiago,2021-04-08 13:50,11.13
11204202,Fort Santiago,2021-04-08 13:40,11.13
11204202,Fort Santiago,2021-04-08 13:30,11.13
11204202,Fort Santiago,2021-04-08 13:20,11.13
11204202,Fort Santiago,2021-04-08 13:10,11.13
11204202,Fort Santiago,2021-04-08 12:50,11.13
11204202,Fort Santiago,2021-04-08 12:40,11.13
11204202,Fort Santiago,2021-04-08 12:30,11.13
11204202,Fort Santiago,2021-04-08 12:20,11.13
11204202,Fort Santiago,2021-04-08 12:10,11.13
11204202,Fort Santiago,2021-04-08 12:00,11.13
11204202,Fort Santiago,2021-04-08 11:50,0.00
11204202,Fort Santiago,2021-04-08 11:40,0.00
11302201,La Mesa Dam,2021-04-08 23:50,0.00
11302201,La Mesa Dam,2021-04-08 23:40,0.00
11302201,La Mesa Dam,2021-04-08 23:30,0.00
11302201,La Mesa Dam,2021-04-08 23:20,0.00
11302201,La Mesa Dam,2021-04-08 23:10,0.00
11302201,La Mesa Dam,2021-04-08 23:00,0.00
11302201,La Mesa Dam,2021-04-08 22:50,0.00
11302201,La Mesa Dam,2021-04-08 22:40,0.00
11302201,La Mesa Dam,2021-04-08 22:30,0.00
11302201,La Mesa Dam,2021-04-08 22:20,0.00
11302201,La Mesa Dam,2021-04-08 22:10,0.00
11302201,La Mesa Dam,2021-04-08 22:00,0.00
11302201,La Mesa Dam,2021-04-08 21:50,0.00
11302201,La Mesa Dam,2021-04-08 21:40,0.00
11302201,La Mesa Dam,2021-04-08 21:30,0.00
11302201,La Mesa Dam,2021-04-08 21:20,0.00
11302201,La Mesa Dam,2021-04-08 21:10,0.00
11302201,La Mesa Dam,2021-04-08 21:00,0.00
11302201,La Mesa Dam,2021-04-08 20:50,0.00
11302201,La Mesa Dam,2021-04-08 20:40,0.00
11302201,La Mesa Dam,2021-04-08 20:30,0.00
11302201,La Mesa Dam,2021-04-08 20:20,0.00
11302201,La Mesa Dam,2021-04-08 20:10,0.00
11302201,La Mesa Dam,2021-04-08 20:00,0.00
11302201,La Mesa Dam,2021-04-08 19:50,0.00
11302201,La Mesa Dam,2021-04-08 19:40,0.00
11302201,La Mesa Dam,2021-04-08 19:30,0.00
11302201,La Mesa Dam,2021-04-08 19:20,0.00
11302201,La Mesa Dam,2021-04-08 19:10,0.00
11302201,La Mesa Dam,2021-04-08 19:00,0.00
11302201,La Mesa Dam,2021-04-08 18:50,0.00
11302201,La Mesa Dam,2021-04-08 18:40,0.00
11302201,La Mesa Dam,2021-04-08 18:30,0.00
11302201,La Mesa Dam,2021-04-08 18:20,0.00
11302201,La Mesa Dam,2021-04-08 18:10,0.00
11302201,La Mesa Dam,2021-04-08 18:00,0.00
11302201,La Mesa Dam,2021-04-08 17:50,0.00
11302201,La Mesa Dam,2021-04-08 17:40,0.00
11302201,La Mesa Dam,2021-04-08 17:30,0.00
11302201,La Mesa Dam,2021-04-08 17:20,0.00
11302201,La Mesa Dam,2021-04-08 17:10,0.00
11302201,La Mesa Dam,2021-04-08 17:00,0.00
11302201,La Mesa Dam,2021-04-08 16:50,0.00
11302201,La Mesa Dam,2021-04-08 16:40,0.00
11302201,La Mesa Dam,2021-04-08 16:30,0.00
11302201,La Mesa Dam,2021-04-08 16:20,0.00
11302201,La Mesa Dam,2021-04-08 16:10,0.00
11302201,La Mesa Dam,2021-04-08 16:00,0.00
11302201,La Mesa Dam,2021-04-08 15:50,0.00
11302201,La Mesa Dam,2021-04-08 15:40,0.00
11302201,La Mesa Dam,2021-04-08 15:30,0.00
11302201,La Mesa Dam,2021-04-08 15:20,0.00
11302201,La Mesa Dam,2021-04-08 15:10,0.00
11302201,La Mesa Dam,2021-04-08 15:00,0.00
11302201,La Mesa Dam,2021-04-08 14:50,0.00
11302201,La Mesa Dam,2021-04-08 14:40,0.00
11302201,La Mesa Dam,2021-04-08 14:30,0.00
11302201,La Mesa Dam,2021-04-08 14:20,0.00
11302201,La Mesa Dam,2021-04-08 14:10,0.00
11302201,La Mesa Dam,2021-04-08 14:00,0.00
11302201,La Mesa Dam,2021-04-08 13:50,0.00
11302201,La Mesa Dam,2021-04-08 13:40,0.00
11302201,La Mesa Dam,2021-04-08 13:30,0.00
11302201,La Mesa Dam,2021-04-08 13:20,0.00
11302201,La Mesa Dam,2021-04-08 13:10,0.00
11302201,La Mesa Dam,2021-04-08 12:50,0.00
11302201,La Mesa Dam,2021-04-08 12:40,0.00
11104203,Manalo Bridge,2021-04-08 23:50,0.00
11104203,Manalo Bridge,2021-04-08 23:40,0.00
11104203,Manalo Bridge,2021-04-08 23:30,0.00
11104203,Manalo Bridge,2021-04-08 23:20,0.00
11104203,Manalo Bridge,2021-04-08 23:10,0.00
11104203,Manalo Bridge,2021-04-08 23:00,0.00
11104203,Manalo Bridge,2021-04-08 22:50,0.00
11104203,Manalo Bridge,2021-04-08 22:40,0.00
11104203,Manalo Bridge,2021-04-08 22:30,0.00
11104203,Manalo Bridge,2021-04-08 22:20,0.00
11104203,Manalo Bridge,2021-04-08 22:10,0.00
11104203,Manalo Bridge,2021-04-08 22:00,0.00
11104203,Manalo Bridge,2021-04-08 21:50,0.00
11104203,Manalo Bridge,2021-04-08 21:40,0.00
11104203,Manalo Bridge,2021-04-08 21:30,0.00
11104203,Manalo Bridge,2021-04-08 21:20,0.00
11104203,Manalo Bridge,2021-04-08 21:10,0.00
11104203,Manalo Bridge,2021-04-08 21:00,0.00
11104203,Manalo Bridge,2021-04-08 20:50,0.00
11104203,Manalo Bridge,2021-04-08 20:40,0.00
11104203,Manalo Bridge,2021-04-08 20:30,0.00
11104203,Manalo Bridge,2021-04-08 20:20,0.00
11104203,Manalo Bridge,2021-04-08 20:10,0.00
11104203,Manalo Bridge,2021-04-08 20:00,0.00
11104203,Manalo Bridge,2021-04-08 19:50,0.00
11104203,Manalo Bridge,2021-04-08 19:40,0.00
11104203,Manalo Bridge,2021-04-08 19:30,0.00
11104203,Manalo Bridge,2021-04-08 19:20,0.00
11104203,Manalo Bridge,2021-04-08 19:10,0.00
11104203,Manalo Bridge,2021-04-08 19:00,0.00
11104203,Manalo Bridge,2021-04-08 18:50,0.00
11104203,Manalo Bridge,2021-04-08 18:40,0.00
11104203,Manalo Bridge,2021-04-08 18:30,0.00
11104203,Manalo Bridge,2021-04-08 18:20,0.00
11104203,Manalo Bridge,2021-04-08 18:10,0.00
11104203,Manalo Bridge,2021-04-08 18:00,0.00
11104203,Manalo Bridge,2021-04-08 17:50,0.00
11104203,Manalo Bridge,2021-04-08 17:40,0.00
11104203,Manalo Bridge,2021-04-08 17:30,0.00
11104203,Manalo Bridge,2021-04-08 17:20,0.00
11104203,Manalo Bridge,2021-04-08 17:10,0.00
11104203,Manalo Bridge,2021-04-08 17:00,0.00
11104203,Manalo Bridge,2021-04-08 16:50,0.00
11104203,Manalo Bridge,2021-04-08 16:40,0.00
11104203,Manalo Bridge,2021-04-08 16:30,0.00
11104203,Manalo Bridge,2021-04-08 16:20,0.00
11104203,Manalo Bridge,2021-04-08 16:10,0.00
11104203,Manalo Bridge,2021-04-08 16:00,0.00
11104203,Manalo Bridge,2021-04-08 15:50,0.00
11104203,Manalo Bridge,2021-04-08 15:40,0.00
11104203,Manalo Bridge,2021-04-08 15:30,0.00
11104203,Manalo Bridge,2021-04-08 15:20,0.00
11104203,Manalo Bridge,2021-04-08 15:10,0.00
11104203,Manalo Bridge,2021-04-08 15:00,0.00
11104203,Manalo Bridge,2021-04-08 14:50,0.00
11104203,Manalo Bridge,2021-04-08 14:40,0.00
11104203,Manalo Bridge,2021-04-08 14:30,0.00
11104203,Manalo Bridge,2021-04-08 14:20,0.00
11104203,Manalo Bridge,2021-04-08 14:10,0.00
11104203,Manalo Bridge,2021-04-08 14:00,0.00
11104203,Manalo Bridge,2021-04-08 13:50,0.00
11104203,Manalo Bridge,2021-04-08 13:40,0.00
11104203,Manalo Bridge,2021-04-08 13:30,0.00
11104203,Manalo Bridge,2021-04-08 13:20,0.00
11104203,Manalo Bridge,2021-04-08 13:10,0.00
11104203,Manalo Bridge,2021-04-08 12:50,0.00
11104203,Manalo Bridge,2021-04-08 12:40,0.00
11104202,Marcos Highway,2021-04-08 23:50,0.00
11104202,Marcos Highway,2021-04-08 23:40,0.00
11104202,Marcos Highway,2021-04-08 23:30,0.00
11104202,Marcos Highway,2021-04-08 23:20,0.00
11104202,Marcos Highway,2021-04-08 23:10,0.00
11104202,Marcos Highway,2021-04-08 23:00,0.00
11104202,Marcos Highway,2021-04-08 22:50,0.00
11104202,Marcos Highway,2021-04-08 22:40,0.00
11104202,Marcos Highway,2021-04-08 22:30,0.00
11104202,Marcos Highway,2021-04-08 22:20,0.00
11104202,Marcos Highway,2021-04-08 22:10,0.00
11104202,Marcos Highway,2021-04-08 22:00,0.00
11104202,Marcos Highway,2021-04-08 21:50,0.00
11104202,Marcos Highway,2021-04-08 21:40,0.00
11104202,Marcos Highway,2021-04-08 21:30,0.00
11104202,Marcos Highway,2021-04-08 21:20,0.00
11104202,Marcos Highway,2021-04-08 21:10,0.00
11104202,Marcos Highway,2021-04-08 21:00,0.00
11104202,Marcos Highway,2021-04-08 20:50,0.00
11104202,Marcos Highway,2021-04-08 20:40,0.00
11104202,Marcos Highway,2021-04-08 20:30,0.00
11104202,Marcos Highway,2021-04-08 20:20,0.00
11104202,Marcos Highway,2021-04-08 20:10,0.00
11104202,Marcos Highway,2021-04-08 20:00,0.00
11104202,Marcos Highway,2021-04-08 19:50,0.00
11104202,Marcos Highway,2021-04-08 19:40,0.00
11104202,Marcos Highway,2021-04-08 19:30,0.00
11104202,Marcos Highway,2021-04-08 19:20,0.00
11104202,Marcos Highway,2021-04-08 19:10,0.00
11104202,Marcos Highway,2021-04-08 19:00,0.00
11104202,Marcos Highway,2021-04-08 18:50,0.00
11104202,Marcos Highway,2021-04-08 18:40,0.00
11104202,Marcos Highway,2021-04-08 18:30,0.00
11104202,Marcos Highway,2021-04-08 18:20,0.00
11104202,Marcos Highway,2021-04-08 18:10,0.00
11104202,Marcos Highway,2021-04-08 18:00,0.00
11104202,Marcos Highway,2021-04-08 17:50,0.00
11104202,Marcos Highway,2021-04-08 17:40,0.00
11104202,Marcos Highway,2021-04-08 17:30,0.00
11104202,Marcos Highway,2021-04-08 17:20,0.00
11104202,Marcos Highway,2021-04-08 17:10,0.00
11104202,Marcos Highway,2021-04-08 17:00,0.00
11104202,Marcos Highway,2021-04-08 16:50,0.00
11104202,Marcos Highway,2021-04-08 16:40,0.00
11104202,Marcos Highway,2021-04-08 16:30,0.00
11104202,Marcos Highway,2021-04-08 16:20,0.00
11104202,Marcos Highway,2021-04-08 16:10,0.00
11104202,Marcos Highway,2021-04-08 16:00,0.00
11104202,Marcos Highway,2021-04-08 15:50,0.00
11104202,Marcos Highway,2021-04-08 15:40,0.00
11104202,Marcos Highway,2021-04-08 15:30,0.00
11104202,Marcos Highway,2021-04-08 15:20,0.00
11104202,Marcos Highway,2021-04-08 15:10,0.00
11104202,Marcos Highway,2021-04-08 15:00,0.00
11104202,Marcos Highway,2021-04-08 14:50,0.00
11104202,Marcos Highway,2021-04-08 14:40,0.00
11104202,Marcos Highway,2021-04-08 14:30,0.00
11104202,Marcos Highway,2021-04-08 14:20,0.00
11104202,Marcos Highway,2021-04-08 14:10,0.00
11104202,Marcos Highway,2021-04-08 14:00,0.00
11104202,Marcos Highway,2021-04-08 13:50,0.00
11104202,Marcos Highway,2021-04-08 13:40,0.00
11104202,Marcos Highway,2021-04-08 13:30,0.00
11104202,Marcos Highway,2021-04-08 13:20,0.00
11104202,Marcos Highway,2021-04-08 13:10,0.00
11104202,Marcos Highway,2021-04-08 12:50,0.00
11104202,Marcos Highway,2021-04-08 12:40,0.00
11203201,Mindanao,2021-04-08 23:50,0.00
11203201,Mindanao,2021-04-08 23:40,0.00
11203201,Mindanao,2021-04-08 23:30,0.00
11203201,Mindanao,2021-04-08 23:20,0.00
11203201,Mindanao,2021-04-08 23:10,0.00
11203201,Mindanao,2021-04-08 23:00,0.00
11203201,Mindanao,2021-04-08 22:50,0.00
11203201,Mindanao,2021-04-08 22:40,0.00
11203201,Mindanao,2021-04-08 22:30,0.00
11203201,Mindanao,2021-04-08 22:20,0.00
11203201,Mindanao,2021-04-08 22:10,0.00
11203201,Mindanao,2021-04-08 22:00,0.00
11203201,Mindanao,2021-04-08 21:50,0.00
11203201,Mindanao,2021-04-08 21:40,0.00
11203201,Mindanao,2021-04-08 21:30,0.00
11203201,Mindanao,2021-04-08 21:20,0.00
11203201,Mindanao,2021-04-08 21:10,0.00
11203201,Mindanao,2021-04-08 21:00,0.00
11203201,Mindanao,2021-04-08 20:50,0.00
11203201,Mindanao,2021-04-08 20:40,0.00
11203201,Mindanao,2021-04-08 20:30,0.00
11203201,Mindanao,2021-04-08 20:20,0.00
11203201,Mindanao,2021-04-08 20:10,0.00
11203201,Mindanao,2021-04-08 20:00,0.00
11203201,Mindanao,2021-04-08 19:50,0.00
11203201,Mindanao,2021-04-08 19:40,0.00
11203201,Mindanao,2021-04-08 19:30,0.00
11203201,Mindanao,2021-04-08 19:20,0.00
11203201,Mindanao,2021-04-08 19:10,0.00
11203201,Mindanao,2021-04-08 19:00,0.00
11203201,Mindanao,2021-04-08 18:50,0.00
11203201,Mindanao,2021-04-08 18:40,0.00
11203201,Mindanao,2021-04-08 18:30,0.00
11203201,Mindanao,2021-04-08 18:20,0.00
11203201,Mindanao,2021-04-08 18:10,0.00
11203201,Mindanao,2021-04-08 18:00,0.00
11203201,Mindanao,2021-04-08 17:50,0.00
11203201,Mindanao,2021-04-08 17:40,0.00
11203201,Mindanao,2021-04-08 17:30,0.00
11203201,Mindanao,2021-04-08 17:20,0.00
11203201,Mindanao,2021-04-08 17:10,0.00
11203201,Mindanao,2021-04-08 17:00,0.00
11203201,Mindanao,2021-04-08 16:50,0.00
11203201,Mindanao,2021-04-08 16:40,0.00
11203201,Mindanao,2021-04-08 16:30,0.00
11203201,Mindanao,2021-04-08 16:20,0.00
11203201,Mindanao,2021-04-08 16:10,0.00
11203201,Mindanao,2021-04-08 16:00,0.00
11203201,Mindanao,2021-04-08 15:50,0.00
11203201,Mindanao,2021-04-08 15:40,0.00
11203201,Mindanao,2021-04-08 15:30,0.00
11203201,Mindanao,2021-04-08 15:20,0.00
11203201,Mindanao,2021-04-08 15:10,0.00
11203201,Mindanao,2021-04-08 15:00,0.00
11203201,Mindanao,2021-04-08 14:50,0.00
11203201,Mindanao,2021-04-08 14:40,0.00
11203201,Mindanao,2021-04-08 14:30,0.00
11203201,Mindanao,2021-04-08 14:20,0.00
11203201,Mindanao,2021-04-08 14:10,0.00
11203201,Mindanao,2021-04-08 14:00,0.00
11203201,Mindanao,2021-04-08 13:50,0.00
11203201,Mindanao,2021-04-08 13:40,0.00
11203201,Mindanao,2021-04-08 13:30,0.00
11203201,Mindanao,2021-04-08 13:20,0.00
11203201,Mindanao,2021-04-08 13:10,0.00
11203201,Mindanao,2021-04-08 12:50,0.00
11203201,Mindanao,2021-04-08 12:40,0.00
11102202,Montalban,2021-04-08 23:50,21.83
11102202,Montalban,2021-04-08 23:40,21.83
11102202,Montalban,2021-04-08 23:30,21.83
11102202,Montalban,2021-04-08 23:20,21.83
11102202,Montalban,2021-04-08 23:10,21.83
11102202,Montalban,2021-04-08 23:00,21.83
11102202,Montalban,2021-04-08 22:50,21.83
11102202,Montalban,2021-04-08 22:40,21.83
11102202,Montalban,2021-04-08 22:30,21.83
11102202,Montalban,2021-04-08 22:20,21.83
11102202,Montalban,2021-04-08 22:10,21.83
11102202,Montalban,2021-04-08 22:00,21.83
11102202,Montalban,2021-04-08 21:50,21.83
11102202,Montalban,2021-04-08 21:40,21.83
11102202,Montalban,2021-04-08 21:30,21.83
11102202,Montalban,2021-04-08 21:20,21.83
11102202,Montalban,2021-04-08 21:10,21.83
11102202,Montalban,2021-04-08 21:00,21.83
11102202,Montalban,2021-04-08 20:50,21.83
11102202,Montalban,2021-04-08 20:40,21.83
11102202,Montalban,2021-04-08 20:30,21.83
11102202,Montalban,2021-04-08 20:20,21.83
11102202,Montalban,2021-04-08 20:10,21.83
11102202,Montalban,2021-04-08 20:00,21.83
11102202,Montalban,2021-04-08 19:50,21.83
11102202,Montalban,2021-04-08 19:40,21.83
11102202,Montalban,2021-04-08 19:30,21.83
11102202,Montalban,2021-04-08 19:20,21.83
11102202,Montalban,2021-04-08 19:10,21.83
11102202,Montalban,2021-04-08 19:00,21.83
11102202,Montalban,2021-04-08 18:50,21.83
11102202,Montalban,2021-04-08 18:40,21.83
11102202,Montalban,2021-04-08 18:30,21.83
11102202,Montalban,2021-04-08 18:20,21.83
11102202,Montalban,2021-04-08 18:10,21.83
11102202,Montalban,2021-04-08 18:00,21.83
11102202,Montalban,2021-04-08 17:50,21.83
11102202,Montalban,2021-04-08 17:40,21.83
11102202,Montalban,2021-04-08 17:30,21.83
11102202,Montalban,2021-04-08 17:20,21.83
11102202,Montalban,2021-04-08 17:10,21.83
11102202,Montalban,2021-04-08 17:00,21.83
11102202,Montalban,2021-04-08 16:50,21.83
11102202,Montalban,2021-04-08 16:40,21.83
11102202,Montalban,2021-04-08 16:30,21.83
11102202,Montalban,2021-04-08 16:20,21.83
11102202,Montalban,2021-04-08 16:10,21.83
11102202,Montalban,2021-04-08 16:00,21.83
11102202,Montalban,2021-04-08 15:50,21.83
11102202,Montalban,2021-04-08 15:40,21.83
11102202,Montalban,2021-04-08 15:30,21.83
11102202,Montalban,2021-04-08 15:20,21.83
11102202,Montalban,2021-04-08 15:10,21.83
11102202,Montalban,2021-04-08 15:00,21.83
11102202,Montalban,2021-04-08 14:50,21.83
11102202,Montalban,2021-04-08 14:40,21.83
11102202,Montalban,2021-04-08 14:30,21.83
11102202,Montalban,2021-04-08 14:20,21.83
11102202,Montalban,2021-04-08 14:10,21.83
11102202,Montalban,2021-04-08 14:00,21.83
11102202,Montalban,2021-04-08 13:50,21.83
11102202,Montalban,2021-04-08 13:40,21.83
11102202,Montalban,2021-04-08 13:30,21.83
11102202,Montalban,2021-04-08 13:20,21.83
11102202,Montalban,2021-04-08 13:10,21.83
11102202,Montalban,2021-04-08 12:50,21.83
11102202,Montalban,2021-04-08 12:40,21.83
11102202,Montalban,2021-04-08 12:30,21.83
11102202,Montalban,2021-04-08 12:20,21.83
11102202,Montalban,2021-04-08 12:10,21.83
11102202,Montalban,2021-04-08 12:00,21.83
11102202,Montalban,2021-04-08 11:50,0.00
11102202,Montalban,2021-04-08 11:40,21.83
11102202,Montalban,2021-04-08 11:10,21.83
11102202,Montalban,2021-04-08 11:00,21.83
11102202,Montalban,2021-04-08 10:50,21.83
11102202,Montalban,2021-04-08 10:40,21.83
11102202,Montalban,2021-04-08 10:30,21.83
11102202,Montalban,2021-04-08 10:20,21.83
11102202,Montalban,2021-04-08 10:10,21.83
11102202,Montalban,2021-04-08 10:00,21.83
11102202,Montalban,2021-04-08 09:50,21.83
11102202,Montalban,2021-04-08 09:40,21.83
11102202,Montalban,2021-04-08 09:30,21.83
11102202,Montalban,2021-04-08 09:20,21.83
11102202,Montalban,2021-04-08 09:10,21.83
11102202,Montalban,2021-04-08 09:00,21.83
11102202,Montalban,2021-04-08 08:50,21.83
11102202,Montalban,2021-04-08 08:40,21.83
11102202,Montalban,2021-04-08 08:30,21.83
11102202,Montalban,2021-04-08 08:20,21.83
11102202,Montalban,2021-04-08 08:10,21.83
11102202,Montalban,2021-04-08 08:00,21.83
11102202,Montalban,2021-04-08 07:50,21.83
11102202,Montalban,2021-04-08 07:40,21.83
11102202,Montalban,2021-04-08 07:30,21.83
11102202,Montalban,2021-04-08 07:20,21.83
11102202,Montalban,2021-04-08 07:10,21.83
11102202,Montalban,2021-04-08 07:00,21.83
11102202,Montalban,2021-04-08 06:50,21.83
11102202,Montalban,2021-04-08 06:40,21.83
11102202,Montalban,2021-04-08 06:30,21.83
11102202,Montalban,2021-04-08 06:20,21.83
11102202,Montalban,2021-04-08 06:10,21.83
11102202,Montalban,2021-04-08 06:00,21.83
11102202,Montalban,2021-04-08 05:50,21.83
11102202,Montalban,2021-04-08 05:40,21.83
11102202,Montalban,2021-04-08 05:30,21.83
11102202,Montalban,2021-04-08 05:20,21.83
11102202,Montalban,2021-04-08 05:10,21.83
11102202,Montalban,2021-04-08 05:00,21.83
11102202,Montalban,2021-04-08 04:50,21.83
11102202,Montalban,2021-04-08 04:40,21.83
11102202,Montalban,2021-04-08 04:30,21.83
11102202,Montalban,2021-04-08 04:20,21.83
11102202,Montalban,2021-04-08 04:10,21.83
11102202,Montalban,2021-04-08 04:00,21.83
11102202,Montalban,2021-04-08 03:50,21.83
11102202,Montalban,2021-04-08 03:40,21.83
11102202,Montalban,2021-04-08 03:30,21.83
11102202,Montalban,2021-04-08 03:20,21.83
11102202,Montalban,2021-04-08 03:10,21.83
11102202,Montalban,2021-04-08 03:00,21.83
11102202,Montalban,2021-04-08 02:50,21.83
11102202,Montalban,2021-04-08 02:40,21.83
11102202,Montalban,2021-04-08 02:30,21.83
11102202,Montalban,2021-04-08 02:20,21.83
11102202,Montalban,2021-04-08 02:10,21.83
11102202,Montalban,2021-04-08 02:00,21.83
11102202,Montalban,2021-04-08 01:50,21.83
11102202,Montalban,2021-04-08 01:40,21.83
11102202,Montalban,2021-04-08 01:30,21.83
11102202,Montalban,2021-04-08 01:20,21.83
11102202,Montalban,2021-04-08 01:10,21.83
11102202,Montalban,2021-04-08 01:00,21.83
11102202,Montalban,2021-04-08 00:50,21.83
11102202,Montalban,2021-04-08 00:40,21.83
11102202,Montalban,2021-04-08 00:30,21.83
11102202,Montalban,2021-04-08 00:20,21.83
11102202,Montalban,2021-04-08 00:10,21.83
11102202,Montalban,2021-04-08 00:00,21.83
11103202,Nangka,2021-04-08 23:50,15.81
11103202,Nangka,2021-04-08 23:40,15.81
11103202,Nangka,2021-04-08 23:30,15.81
11103202,Nangka,2021-04-08 23:20,15.81
11103202,Nangka,2021-04-08 23:10,15.81
11103202,Nangka,2021-04-08 23:00,15.81
11103202,Nangka,2021-04-08 22:50,15.81
11103202,Nangka,2021-04-08 22:40,15.81
11103202,Nangka,2021-04-08 22:30,15.81
11103202,Nangka,2021-04-08 22:20,15.81
11103202,Nangka,2021-04-08 22:10,15.81
11103202,Nangka,2021-04-08 22:00,15.81
11103202,Nangka,2021-04-08 21:50,15.81
11103202,Nangka,2021-04-08 21:40,15.81
11103202,Nangka,2021-04-08 21:30,15.81
11103202,Nangka,2021-04-08 21:20,15.81
11103202,Nangka,2021-04-08 21:10,15.81
11103202,Nangka,2021-04-08 21:00,15.81
11103202,Nangka,2021-04-08 20:50,15.81
11103202,Nangka,2021-04-08 20:40,15.81
11103202,Nangka,2021-04-08 20:30,15.81
11103202,Nangka,2021-04-08 20:20,15.81
11103202,Nangka,2021-04-08 20:10,15.81
11103202,Nangka,2021-04-08 20:00,15.81
11103202,Nangka,2021-04-08 19:50,15.81
11103202,Nangka,2021-04-08 19:40,15.81
11103202,Nangka,2021-04-08 19:30,15.81
11103202,Nangka,2021-04-08 19:20,15.81
11103202,Nangka,2021-04-08 19:10,15.81
11103202,Nangka,2021-04-08 19:00,15.81
11103202,Nangka,2021-04-08 18:50,15.81
11103202,Nangka,2021-04-08 18:40,15.81
11103202,Nangka,2021-04-08 18:30,15.81
11103202,Nangka,2021-04-08 18:20,15.81
11103202,Nangka,2021-04-08 18:10,15.81
11103202,Nangka,2021-04-08 18:00,15.81
11103202,Nangka,2021-04-08 17:50,15.81
11103202,Nangka,2021-04-08 17:40,15.81
11103202,Nangka,2021-04-08 17:30,15.81
11103202,Nangka,2021-04-08 17:20,15.81
11103202,Nangka,2021-04-08 17:10,15.81
11103202,Nangka,2021-04-08 17:00,15.81
11103202,Nangka,2021-04-08 16:50,15.81
11103202,Nangka,2021-04-08 16:40,15.81
11103202,Nangka,2021-04-08 16:30,15.81
11103202,Nangka,2021-04-08 16:20,15.81
11103202,Nangka,2021-04-08 16:10,15.81
11103202,Nangka,2021-04-08 16:00,15.81
11103202,Nangka,2021-04-08 15:50,15.81
11103202,Nangka,2021-04-08 15:40,15.81
11103202,Nangka,2021-04-08 15:30,15.81
11103202,Nangka,2021-04-08 15:20,15.81
11103202,Nangka,2021-04-08 15:10,15.81
11103202,Nangka,2021-04-08 15:00,15.81
11103202,Nangka,2021-04-08 14:50,15.81
11103202,Nangka,2021-04-08 14:40,15.81
11103202,Nangka,2021-04-08 14:30,15.81
11103202,Nangka,2021-04-08 14:20,15.81
11103202,Nangka,2021-04-08 14:10,15.81
11103202,Nangka,2021-04-08 14:00,15.81
11103202,Nangka,2021-04-08 13:50,15.81
11103202,Nangka,2021-04-08 13:40,15.81
11103202,Nangka,2021-04-08 13:30,15.81
11103202,Nangka,2021-04-08 13:20,15.81
11103202,Nangka,2021-04-08 13:10,15.81
11103202,Nangka,2021-04-08 12:50,15.81
11103202,Nangka,2021-04-08 12:40,15.81
11103202,Nangka,2021-04-08 12:30,15.81
11103202,Nangka,2021-04-08 12:20,15.81
11103202,Nangka,2021-04-08 12:10,15.81
11103202,Nangka,2021-04-08 12:00,15.81
11103202,Nangka,2021-04-08 11:50,0.00
11103202,Nangka,2021-04-08 11:40,0.00
11201201,Napindan-1,2021-04-08 23:50,0.00
11201201,Napindan-1,2021-04-08 23:40,0.00
11201201,Napindan-1,2021-04-08 23:30,0.00
11201201,Napindan-1,2021-04-08 23:20,0.00
11201201,Napindan-1,2021-04-08 23:10,0.00
11201201,Napindan-1,2021-04-08 23:00,0.00
11201201,Napindan-1,2021-04-08 22:50,0.00
11201201,Napindan-1,2021-04-08 22:40,0.00
11201201,Napindan-1,2021-04-08 22:30,0.00
11201201,Napindan-1,2021-04-08 22:20,0.00
11201201,Napindan-1,2021-04-08 22:10,0.00
11201201,Napindan-1,2021-04-08 22:00,0.00
11201201,Napindan-1,2021-04-08 21:50,0.00
11201201,Napindan-1,2021-04-08 21:40,0.00
11201201,Napindan-1,2021-04-08 21:30,0.00
11201201,Napindan-1,2021-04-08 21:20,0.00
11201201,Napindan-1,2021-04-08 21:10,0.00
11201201,Napindan-1,2021-04-08 21:00,0.00
11201201,Napindan-1,2021-04-08 20:50,0.00
11201201,Napindan-1,2021-04-08 20:40,0.00
11201201,Napindan-1,2021-04-08 20:30,0.00
11201201,Napindan-1,2021-04-08 20:20,0.00
11201201,Napindan-1,2021-04-08 20:10,0.00
11201201,Napindan-1,2021-04-08 20:00,0.00
11201201,Napindan-1,2021-04-08 19:50,0.00
11201201,Napindan-1,2021-04-08 19:40,0.00
11201201,Napindan-1,2021-04-08 19:30,0.00
11201201,Napindan-1,2021-04-08 19:20,0.00
11201201,Napindan-1,2021-04-08 19:10,0.00
11201201,Napindan-1,2021-04-08 19:00,0.00
11201201,Napindan-1,2021-04-08 18:50,0.00
11201201,Napindan-1,2021-04-08 18:40,0.00
11201201,Napindan-1,2021-04-08 18:30,0.00
11201201,Napindan-1,2021-04-08 18:20,0.00
11201201,Napindan-1,2021-04-08 18:10,0.00
11201201,Napindan-1,2021-04-08 18:00,0.00
11201201,Napindan-1,2021-04-08 17:50,0.00
11201201,Napindan-1,2021-04-08 17:40,0.00
11201201,Napindan-1,2021-04-08 17:30,0.00
11201201,Napindan-1,2021-04-08 17:20,0.00
11201201,Napindan-1,2021-04-08 17:10,0.00
11201201,Napindan-1,2021-04-08 17:00,0.00
11201201,Napindan-1,2021-04-08 16:50,0.00
11201201,Napindan-1,2021-04-08 16:40,0.00
11201201,Napindan-1,2021-04-08 16:30,0.00
11201201,Napindan-1,2021-04-08 16:20,0.00
11201201,Napindan-1,2021-04-08 16:10,0.00
11201201,Napindan-1,2021-04-08 16:00,0.00
11201201,Napindan-1,2021-04-08 15:50,0.00
11201201,Napindan-1,2021-04-08 15:40,0.00
11201201,Napindan-1,2021-04-08 15:30,0.00
11201201,Napindan-1,2021-04-08 15:20,0.00
11201201,Napindan-1,2021-04-08 15:10,0.00
11201201,Napindan-1,2021-04-08 15:00,0.00
11201201,Napindan-1,2021-04-08 14:50,0.00
11201201,Napindan-1,2021-04-08 14:40,0.00
11201201,Napindan-1,2021-04-08 14:30,0.00
11201201,Napindan-1,2021-04-08 14:20,0.00
11201201,Napindan-1,2021-04-08 14:10,0.00
11201201,Napindan-1,2021-04-08 14:00,0.00
11201201,Napindan-1,2021-04-08 13:50,0.00
11201201,Napindan-1,2021-04-08 13:40,0.00
11201201,Napindan-1,2021-04-08 13:30,0.00
11201201,Napindan-1,2021-04-08 13:20,0.00
11201201,Napindan-1,2021-04-08 13:10,0.00
11201201,Napindan-1,2021-04-08 12:50,0.00
11201201,Napindan-1,2021-04-08 12:40,0.00
11202201,Napindan-2,2021-04-08 23:50,0.00
11202201,Napindan-2,2021-04-08 23:40,0.00
11202201,Napindan-2,2021-04-08 23:30,0.00
11202201,Napindan-2,2021-04-08 23:20,0.00
11202201,Napindan-2,2021-04-08 23:10,0.00
11202201,Napindan-2,2021-04-08 23:00,0.00
11202201,Napindan-2,2021-04-08 22:50,0.00
11202201,Napindan-2,2021-04-08 22:40,0.00
11202201,Napindan-2,2021-04-08 22:30,0.00
11202201,Napindan-2,2021-04-08 22:20,0.00
11202201,Napindan-2,2021-04-08 22:10,0.00
11202201,Napindan-2,2021-04-08 22:00,0.00
11202201,Napindan-2,2021-04-08 21:50,0.00
11202201,Napindan-2,2021-04-08 21:40,0.00
11202201,Napindan-2,2021-04-08 21:30,0.00
11202201,Napindan-2,2021-04-08 21:20,0.00
11202201,Napindan-2,2021-04-08 21:10,0.00
11202201,Napindan-2,2021-04-08 21:00,0.00
11202201,Napindan-2,2021-04-08 20:50,0.00
11202201,Napindan-2,2021-04-08 20:40,0.00
11202201,Napindan-2,2021-04-08 20:30,0.00
11202201,Napindan-2,2021-04-08 20:20,0.00
11202201,Napindan-2,2021-04-08 20:10,0.00
11202201,Napindan-2,2021-04-08 20:00,0.00
11202201,Napindan-2,2021-04-08 19:50,0.00
11202201,Napindan-2,2021-04-08 19:40,0.00
11202201,Napindan-2,2021-04-08 19:30,0.00
11202201,Napindan-2,2021-04-08 19:20,0.00
11202201,Napindan-2,2021-04-08 19:10,0.00
11202201,Napindan-2,2021-04-08 19:00,0.00
11202201,Napindan-2,2021-04-08 18:50,0.00
11202201,Napindan-2,2021-04-08 18:40,0.00
11202201,Napindan-2,2021-04-08 18:30,0.00
11202201,Napindan-2,2021-04-08 18:20,0.00
11202201,Napindan-2,2021-04-08 18:10,0.00
11202201,Napindan-2,2021-04-08 18:00,0.00
11202201,Napindan-2,2021-04-08 17:50,0.00
11202201,Napindan-2,2021-04-08 17:40,0.00
11202201,Napindan-2,2021-04-08 17:30,0.00
11202201,Napindan-2,2021-04-08 17:20,0.00
11202201,Napindan-2,2021-04-08 17:10,0.00
11202201,Napindan-2,2021-04-08 17:00,0.00
11202201,Napindan-2,2021-04-08 16:50,0.00
11202201,Napindan-2,2021-04-08 16:40,0.00
11202201,Napindan-2,2021-04-08 16:30,0.00
11202201,Napindan-2,2021-04-08 16:20,0.00
11202201,Napindan-2,2021-04-08 16:10,0.00
11202201,Napindan-2,2021-04-08 16:00,0.00
11202201,Napindan-2,2021-04-08 15:50,0.00
11202201,Napindan-2,2021-04-08 15:40,0.00
11202201,Napindan-2,2021-04-08 15:30,0.00
11202201,Napindan-2,2021-04-08 15:20,0.00
11202201,Napindan-2,2021-04-08 15:10,0.00
11202201,Napindan-2,2021-04-08 15:00,0.00
11202201,Napindan-2,2021-04-08 14:50,0.00
11202201,Napindan-2,2021-04-08 14:40,0.00
11202201,Napindan-2,2021-04-08 14:30,0.00
11202201,Napindan-2,2021-04-08 14:20,0.00
11202201,Napindan-2,2021-04-08 14:10,0.00
11202201,Napindan-2,2021-04-08 14:00,0.00
11202201,Napindan-2,2021-04-08 13:50,0.00
11202201,Napindan-2,2021-04-08 13:40,0.00
11202201,Napindan-2,2021-04-08 13:30,0.00
11202201,Napindan-2,2021-04-08 13:20,0.00
11202201,Napindan-2,2021-04-08 13:10,0.00
11202201,Napindan-2,2021-04-08 12:50,0.00
11202201,Napindan-2,2021-04-08 12:40,0.00
11204201,Pandacan,2021-04-08 23:50,11.21
11204201,Pandacan,2021-04-08 23:40,11.21
11204201,Pandacan,2021-04-08 23:30,11.21
11204201,Pandacan,2021-04-08 23:20,11.21
11204201,Pandacan,2021-04-08 23:10,11.21
11204201,Pandacan,2021-04-08 23:00,11.21
11204201,Pandacan,2021-04-08 22:50,11.32
11204201,Pandacan,2021-04-08 22:40,11.32
11204201,Pandacan,2021-04-08 22:30,11.32
11204201,Pandacan,2021-04-08 22:20,11.32
11204201,Pandacan,2021-04-08 22:10,11.32
11204201,Pandacan,2021-04-08 22:00,11.32
11204201,Pandacan,2021-04-08 21:50,11.38
11204201,Pandacan,2021-04-08 21:40,11.38
11204201,Pandacan,2021-04-08 21:30,11.38
11204201,Pandacan,2021-04-08 21:20,11.38
11204201,Pandacan,2021-04-08 21:10,11.38
11204201,Pandacan,2021-04-08 21:00,11.38
11204201,Pandacan,2021-04-08 20:50,11.42
11204201,Pandacan,2021-04-08 20:40,11.42
11204201,Pandacan,2021-04-08 20:30,11.42
11204201,Pandacan,2021-04-08 20:20,11.42
11204201,Pandacan,2021-04-08 20:10,11.42
11204201,Pandacan,2021-04-08 20:00,11.42
11204201,Pandacan,2021-04-08 19:50,11.42
11204201,Pandacan,2021-04-08 19:40,11.42
11204201,Pandacan,2021-04-08 19:30,11.42
11204201,Pandacan,2021-04-08 19:20,11.42
11204201,Pandacan,2021-04-08 19:10,11.42
11204201,Pandacan,2021-04-08 19:00,11.42
11204201,Pandacan,2021-04-08 18:50,11.38
11204201,Pandacan,2021-04-08 18:40,11.38
11204201,Pandacan,2021-04-08 18:30,11.38
11204201,Pandacan,2021-04-08 18:20,11.38
11204201,Pandacan,2021-04-08 18:10,11.38
11204201,Pandacan,2021-04-08 18:00,11.38
11204201,Pandacan,2021-04-08 17:50,11.30
11204201,Pandacan,2021-04-08 17:40,11.30
11204201,Pandacan,2021-04-08 17:30,11.30
11204201,Pandacan,2021-04-08 17:20,11.30
11204201,Pandacan,2021-04-08 17:10,11.30
11204201,Pandacan,2021-04-08 17:00,11.30
11204201,Pandacan,2021-04-08 16:50,11.20
11204201,Pandacan,2021-04-08 16:40,11.20
11204201,Pandacan,2021-04-08 16:30,11.20
11204201,Pandacan,2021-04-08 16:20,11.20
11204201,Pandacan,2021-04-08 16:10,11.20
11204201,Pandacan,2021-04-08 16:00,11.20
11204201,Pandacan,2021-04-08 15:50,11.12
11204201,Pandacan,2021-04-08 15:40,11.12
11204201,Pandacan,2021-04-08 15:30,11.12
11204201,Pandacan,2021-04-08 15:20,11.12
11204201,Pandacan,2021-04-08 15:10,11.12
11204201,Pandacan,2021-04-08 15:00,11.12
11204201,Pandacan,2021-04-08 14:50,11.06
11204201,Pandacan,2021-04-08 14:40,11.06
11204201,Pandacan,2021-04-08 14:30,11.06
11204201,Pandacan,2021-04-08 14:20,11.06
11204201,Pandacan,2021-04-08 14:10,11.06
11204201,Pandacan,2021-04-08 14:00,11.06
11204201,Pandacan,2021-04-08 13:50,11.01
11204201,Pandacan,2021-04-08 13:40,11.01
11204201,Pandacan,2021-04-08 13:30,11.01
11204201,Pandacan,2021-04-08 13:20,11.01
11204201,Pandacan,2021-04-08 13:10,11.01
11204201,Pandacan,2021-04-08 12:50,11.01
11204201,Pandacan,2021-04-08 12:40,11.01
11204201,Pandacan,2021-04-08 12:30,11.01
11204201,Pandacan,2021-04-08 12:20,11.01
11204201,Pandacan,2021-04-08 12:10,11.01
11204201,Pandacan,2021-04-08 12:00,11.01
11204201,Pandacan,2021-04-08 11:50,0.00
11204201,Pandacan,2021-04-08 11:40,0.00
11203202,People's Park,2021-04-08 23:50,0.00
11203202,People's Park,2021-04-08 23:40,0.00
11203202,People's Park,2021-04-08 23:30,0.00
11203202,People's Park,2021-04-08 23:20,0.00
11203202,People's Park,2021-04-08 23:10,0.00
11203202,People's Park,2021-04-08 23:00,0.00
11203202,People's Park,2021-04-08 22:50,0.00
11203202,People's Park,2021-04-08 22:40,0.00
11203202,People's Park,2021-04-08 22:30,0.00
11203202,People's Park,2021-04-08 22:20,0.00
11203202,People's Park,2021-04-08 22:10,0.00
11203202,People's Park,2021-04-08 22:00,0.00
11203202,People's Park,2021-04-08 21:50,0.00
11203202,People's Park,2021-04-08 21:40,0.00
11203202,People's Park,2021-04-08 21:30,0.00
11203202,People's Park,2021-04-08 21:20,0.00
11203202,People's Park,2021-04-08 21:10,0.00
11203202,People's Park,2021-04-08 21:00,0.00
11203202,People's Park,2021-04-08 20:50,0.00
11203202,People's Park,2021-04-08 20:40,0.00
11203202,People's Park,2021-04-08 20:30,0.00
11203202,People's Park,2021-04-08 20:20,0.00
11203202,People's Park,2021-04-08 20:10,0.00
11203202,People's Park,2021-04-08 20:00,0.00
11203202,People's Park,2021-04-08 19:50,0.00
11203202,People's Park,2021-04-08 19:40,0.00
11203202,People's Park,2021-04-08 19:30,0.00
11203202,People's Park,2021-04-08 19:20,0.00
11203202,People's Park,2021-04-08 19:10,0.00
11203202,People's Park,2021-04-08 19:00,0.00
11203202,People's Park,2021-04-08 18:50,0.00
11203202,People's Park,2021-04-08 18:40,0.00
11203202,People's Park,2021-04-08 18:30,0.00
11203202,People's Park,2021-04-08 18:20,0.00
11203202,People's Park,2021-04-08 18:10,0.00
11203202,People's Park,2021-04-08 18:00,0.00
11203202,People's Park,2021-04-08 17:50,0.00
11203202,People's Park,2021-04-08 17:40,0.00
11203202,People's Park,2021-04-08 17:30,0.00
11203202,People's Park,2021-04-08 17:20,0.00
11203202,People's Park,2021-04-08 17:10,0.00
11203202,People's Park,2021-04-08 17:00,0.00
11203202,People's Park,2021-04-08 16:50,0.00
11203202,People's Park,2021-04-08 16:40,0.00
11203202,People's Park,2021-04-08 16:30,0.00
11203202,People's Park,2021-04-08 16:20,0.00
11203202,People's Park,2021-04-08 16:10,0.00
11203202,People's Park,2021-04-08 16:00,0.00
11203202,People's Park,2021-04-08 15:50,0.00
11203202,People's Park,2021-04-08 15:40,0.00
11203202,People's Park,2021-04-08 15:30,0.00
11203202,People's Park,2021-04-08 15:20,0.00
11203202,People's Park,2021-04-08 15:10,0.00
11203202,People's Park,2021-04-08 15:00,0.00
11203202,People's Park,2021-04-08 14:50,0.00
11203202,People's Park,2021-04-08 14:40,0.00
11203202,People's Park,2021-04-08 14:30,0.00
11203202,People's Park,2021-04-08 14:20,0.00
11203202,People's Park,2021-04-08 14:10,0.00
11203202,People's Park,2021-04-08 14:00,0.00
11203202,People's Park,2021-04-08 13:50,0.00
11203202,People's Park,2021-04-08 13:40,0.00
11203202,People's Park,2021-04-08 13:30,0.00
11203202,People's Park,2021-04-08 13:20,0.00
11203202,People's Park,2021-04-08 13:10,0.00
11203202,People's Park,2021-04-08 12:50,0.00
11203202,People's Park,2021-04-08 12:40,0.00
11302202,Quirino,2021-04-08 23:50,0.00
11302202,Quirino,2021-04-08 23:40,0.00
11302202,Quirino,2021-04-08 23:30,0.00
11302202,Quirino,2021-04-08 23:20,0.00
11302202,Quirino,2021-04-08 23:10,0.00
11302202,Quirino,2021-04-08 23:00,0.00
11302202,Quirino,2021-04-08 22:50,0.00
11302202,Quirino,2021-04-08 22:40,0.00
11302202,Quirino,2021-04-08 22:30,0.00
11302202,Quirino,2021-04-08 22:20,0.00
11302202,Quirino,2021-04-08 22:10,0.00
11302202,Quirino,2021-04-08 22:00,0.00
11302202,Quirino,2021-04-08 21:50,0.00
11302202,Quirino,2021-04-08 21:40,0.00
11302202,Quirino,2021-04-08 21:30,0.00
11302202,Quirino,2021-04-08 21:20,0.00
11302202,Quirino,2021-04-08 21:10,0.00
11302202,Quirino,2021-04-08 21:00,0.00
11302202,Quirino,2021-04-08 20:50,0.00
11302202,Quirino,2021-04-08 20:40,0.00
11302202,Quirino,2021-04-08 20:30,0.00
11302202,Quirino,2021-04-08 20:20,0.00
11302202,Quirino,2021-04-08 20:10,0.00
11302202,Quirino,2021-04-08 20:00,0.00
11302202,Quirino,2021-04-08 19:50,0.00
11302202,Quirino,2021-04-08 19:40,0.00
11302202,Quirino,2021-04-08 19:30,0.00
11302202,Quirino,2021-04-08 19:20,0.00
11302202,Quirino,2021-04-08 19:10,0.00
11302202,Quirino,2021-04-08 19:00,0.00
11302202,Quirino,2021-04-08 18:50,0.00
11302202,Quirino,2021-04-08 18:40,0.00
11302202,Quirino,2021-04-08 18:30,0.00
11302202,Quirino,2021-04-08 18:20,0.00
11302202,Quirino,2021-04-08 18:10,0.00
11302202,Quirino,2021-04-08 18:00,0.00
11302202,Quirino,2021-04-08 17:50,0.00
11302202,Quirino,2021-04-08 17:40,0.00
11302202,Quirino,2021-04-08 17:30,0.00
11302202,Quirino,2021-04-08 17:20,0.00
11302202,Quirino,2021-04-08 17:10,0.00
11302202,Quirino,2021-04-08 17:00,0.00
11302202,Quirino,2021-04-08 16:50,0.00
11302202,Quirino,2021-04-08 16:40,0.00
11302202,Quirino,2021-04-08 16:30,0.00
11302202,Quirino,2021-04-08 16:20,0.00
11302202,Quirino,2021-04-08 16:10,0.00
11302202,Quirino,2021-04-08 16:00,0.00
11302202,Quirino,2021-04-08 15:50,0.00
11302202,Quirino,2021-04-08 15:40,0.00
11302202,Quirino,2021-04-08 15:30,0.00
11302202,Quirino,2021-04-08 15:20,0.00
11302202,Quirino,2021-04-08 15:10,0.00
11302202,Quirino,2021-04-08 15:00,0.00
11302202,Quirino,2021-04-08 14:50,0.00
11302202,Quirino,2021-04-08 14:40,0.00
11302202,Quirino,2021-04-08 14:30,0.00
11302202,Quirino,2021-04-08 14:20,0.00
11302202,Quirino,2021-04-08 14:10,0.00
11302202,Quirino,2021-04-08 14:00,0.00
11302202,Quirino,2021-04-08 13:50,0.00
11302202,Quirino,2021-04-08 13:40,0.00
11302202,Quirino,2021-04-08 13:30,0.00
11302202,Quirino,2021-04-08 13:20,0.00
11302202,Quirino,2021-04-08 13:10,0.00
11302202,Quirino,2021-04-08 12:50,0.00
11302202,Quirino,2021-04-08 12:40,0.00
11102201,Rodriguez,2021-04-08 23:50,27.05
11102201,Rodriguez,2021-04-08 23:40,27.05
11102201,Rodriguez,2021-04-08 23:30,27.05
11102201,Rodriguez,2021-04-08 23:20,27.05
11102201,Rodriguez,2021-04-08 23:10,27.05
11102201,Rodriguez,2021-04-08 23:00,27.05
11102201,Rodriguez,2021-04-08 22:50,27.05
11102201,Rodriguez,2021-04-08 22:40,27.05
11102201,Rodriguez,2021-04-08 22:30,27.05
11102201,Rodriguez,2021-04-08 22:20,27.05
11102201,Rodriguez,2021-04-08 22:10,27.05
11102201,Rodriguez,2021-04-08 22:00,27.05
11102201,Rodriguez,2021-04-08 21:50,27.05
11102201,Rodriguez,2021-04-08 21:40,27.05
11102201,Rodriguez,2021-04-08 21:30,27.05
11102201,Rodriguez,2021-04-08 21:20,27.05
11102201,Rodriguez,2021-04-08 21:10,27.05
11102201,Rodriguez,2021-04-08 21:00,27.05
11102201,Rodriguez,2021-04-08 20:50,27.05
11102201,Rodriguez,2021-04-08 20:40,27.05
11102201,Rodriguez,2021-04-08 20:30,27.05
11102201,Rodriguez,2021-04-08 20:20,27.05
11102201,Rodriguez,2021-04-08 20:10,27.05
11102201,Rodriguez,2021-04-08 20:00,27.05
11102201,Rodriguez,2021-04-08 19:50,27.05
11102201,Rodriguez,2021-04-08 19:40,27.05
11102201,Rodriguez,2021-04-08 19:30,27.05
11102201,Rodriguez,2021-04-08 19:20,27.05
11102201,Rodriguez,2021-04-08 19:10,27.05
11102201,Rodriguez,2021-04-08 19:00,27.05
11102201,Rodriguez,2021-04-08 18:50,27.05
11102201,Rodriguez,2021-04-08 18:40,27.05
11102201,Rodriguez,2021-04-08 18:30,27.05
11102201,Rodriguez,2021-04-08 18:20,27.05
11102201,Rodriguez,2021-04-08 18:10,27.05
11102201,Rodriguez,2021-04-08 18:00,27.05
11102201,Rodriguez,2021-04-08 17:50,27.05
11102201,Rodriguez,2021-04-08 17:40,27.05
11102201,Rodriguez,2021-04-08 17:30,27.05
11102201,Rodriguez,2021-04-08 17:20,27.05
11102201,Rodriguez,2021-04-08 17:10,27.05
11102201,Rodriguez,2021-04-08 17:00,27.05
11102201,Rodriguez,2021-04-08 16:50,27.05
11102201,Rodriguez,2021-04-08 16:40,27.05
11102201,Rodriguez,2021-04-08 16:30,27.05
11102201,Rodriguez,2021-04-08 16:20,27.05
11102201,Rodriguez,2021-04-08 16:10,27.05
11102201,Rodriguez,2021-04-08 16:00,27.05
11102201,Rodriguez,2021-04-08 15:50,27.05
11102201,Rodriguez,2021-04-08 15:40,27.05
11102201,Rodriguez,2021-04-08 15:30,27.05
11102201,Rodriguez,2021-04-08 15:20,27.05
11102201,Rodriguez,2021-04-08 15:10,27.05
11102201,Rodriguez,2021-04-08 15:00,27.05
11102201,Rodriguez,2021-04-08 14:50,27.05
11102201,Rodriguez,2021-04-08 14:40,27.05
11102201,Rodriguez,2021-04-08 14:30,27.05
11102201,Rodriguez,2021-04-08 14:20,27.05
11102201,Rodriguez,2021-04-08 14:10,27.05
11102201,Rodriguez,2021-04-08 14:00,27.05
11102201,Rodriguez,2021-04-08 13:50,27.05
11102201,Rodriguez,2021-04-08 13:40,27.05
11102201,Rodriguez,2021-04-08 13:30,27.05
11102201,Rodriguez,2021-04-08 13:20,27.05
11102201,Rodriguez,2021-04-08 13:10,27.05
11102201,Rodriguez,2021-04-08 12:50,27.05
11102201,Rodriguez,2021-04-08 12:40,27.05
11102201,Rodriguez,2021-04-08 11:20,27.05
11102201,Rodriguez,2021-04-08 11:10,27.05
11102201,Rodriguez,2021-04-08 11:00,27.05
11102201,Rodriguez,2021-04-08 10:50,27.05
11102201,Rodriguez,2021-04-08 10:40,27.05
11102201,Rodriguez,2021-04-08 10:30,27.05
11102201,Rodriguez,2021-04-08 10:20,27.05
11102201,Rodriguez,2021-04-08 10:10,27.05
11102201,Rodriguez,2021-04-08 10:00,27.05
11102201,Rodriguez,2021-04-08 09:50,27.05
11102201,Rodriguez,2021-04-08 09:40,27.05
11102201,Rodriguez,2021-04-08 09:30,27.05
11102201,Rodriguez,2021-04-08 09:20,27.05
11102201,Rodriguez,2021-04-08 09:10,27.05
11102201,Rodriguez,2021-04-08 09:00,27.05
11102201,Rodriguez,2021-04-08 08:50,27.05
11102201,Rodriguez,2021-04-08 08:40,27.05
11102201,Rodriguez,2021-04-08 08:30,27.05
11102201,Rodriguez,2021-04-08 08:20,27.05
11102201,Rodriguez,2021-04-08 08:10,27.05
11102201,Rodriguez,2021-04-08 08:00,27.05
11102201,Rodriguez,2021-04-08 07:50,27.05
11102201,Rodriguez,2021-04-08 07:40,27.05
11102201,Rodriguez,2021-04-08 07:30,27.05
11102201,Rodriguez,2021-04-08 07:20,27.05
11102201,Rodriguez,2021-04-08 07:10,27.05
11102201,Rodriguez,2021-04-08 07:00,27.05
11102201,Rodriguez,2021-04-08 06:50,27.05
11102201,Rodriguez,2021-04-08 06:40,27.05
11102201,Rodriguez,2021-04-08 06:30,27.05
11102201,Rodriguez,2021-04-08 06:20,27.05
11102201,Rodriguez,2021-04-08 06:10,27.05
11102201,Rodriguez,2021-04-08 06:00,27.05
11102201,Rodriguez,2021-04-08 05:50,27.05
11102201,Rodriguez,2021-04-08 05:40,27.05
11102201,Rodriguez,2021-04-08 05:30,27.05
11102201,Rodriguez,2021-04-08 05:20,27.05
11102201,Rodriguez,2021-04-08 05:10,27.05
11102201,Rodriguez,2021-04-08 05:00,27.05
11102201,Rodriguez,2021-04-08 04:50,27.05
11102201,Rodriguez,2021-04-08 04:40,27.05
11102201,Rodriguez,2021-04-08 04:30,27.05
11102201,Rodriguez,2021-04-08 04:20,27.05
11102201,Rodriguez,2021-04-08 04:10,27.05
11102201,Rodriguez,2021-04-08 04:00,27.05
11102201,Rodriguez,2021-04-08 03:50,27.05
11102201,Rodriguez,2021-04-08 03:40,27.05
11102201,Rodriguez,2021-04-08 03:30,27.05
11102201,Rodriguez,2021-04-08 03:20,27.05
11102201,Rodriguez,2021-04-08 03:10,27.05
11102201,Rodriguez,2021-04-08 03:00,27.05
11102201,Rodriguez,2021-04-08 02:50,27.05
11102201,Rodriguez,2021-04-08 02:40,27.05
11102201,Rodriguez,2021-04-08 02:30,27.05
11102201,Rodriguez,2021-04-08 02:20,27.05
11102201,Rodriguez,2021-04-08 02:10,27.05
11102201,Rodriguez,2021-04-08 02:00,27.05
11102201,Rodriguez,2021-04-08 01:50,27.05
11102201,Rodriguez,2021-04-08 01:40,27.05
11102201,Rodriguez,2021-04-08 01:30,27.05
11102201,Rodriguez,2021-04-08 01:20,27.05
11102201,Rodriguez,2021-04-08 01:10,27.05
11102201,Rodriguez,2021-04-08 01:00,27.05
11102201,Rodriguez,2021-04-08 00:50,27.05
11102201,Rodriguez,2021-04-08 00:40,27.05
11102201,Rodriguez,2021-04-08 00:30,27.05
11102201,Rodriguez,2021-04-08 00:20,27.05
11102201,Rodriguez,2021-04-08 00:10,27.05
11102201,Rodriguez,2021-04-08 00:00,27.05
11106201,Rosario Bridge,2021-04-08 23:50,0.00
11106201,Rosario Bridge,2021-04-08 23:40,0.00
11106201,Rosario Bridge,2021-04-08 23:30,0.00
11106201,Rosario Bridge,2021-04-08 23:20,0.00
11106201,Rosario Bridge,2021-04-08 23:10,0.00
11106201,Rosario Bridge,2021-04-08 23:00,0.00
11106201,Rosario Bridge,2021-04-08 22:50,0.00
11106201,Rosario Bridge,2021-04-08 22:40,0.00
11106201,Rosario Bridge,2021-04-08 22:30,0.00
11106201,Rosario Bridge,2021-04-08 22:20,0.00
11106201,Rosario Bridge,2021-04-08 22:10,0.00
11106201,Rosario Bridge,2021-04-08 22:00,0.00
11106201,Rosario Bridge,2021-04-08 21:50,0.00
11106201,Rosario Bridge,2021-04-08 21:40,0.00
11106201,Rosario Bridge,2021-04-08 21:30,0.00
11106201,Rosario Bridge,2021-04-08 21:20,0.00
11106201,Rosario Bridge,2021-04-08 21:10,0.00
11106201,Rosario Bridge,2021-04-08 21:00,0.00
11106201,Rosario Bridge,2021-04-08 20:50,0.00
11106201,Rosario Bridge,2021-04-08 20:40,0.00
11106201,Rosario Bridge,2021-04-08 20:30,0.00
11106201,Rosario Bridge,2021-04-08 20:20,0.00
11106201,Rosario Bridge,2021-04-08 20:10,0.00
11106201,Rosario Bridge,2021-04-08 20:00,0.00
11106201,Rosario Bridge,2021-04-08 19:50,0.00
11106201,Rosario Bridge,2021-04-08 19:40,0.00
11106201,Rosario Bridge,2021-04-08 19:30,0.00
11106201,Rosario Bridge,2021-04-08 19:20,0.00
11106201,Rosario Bridge,2021-04-08 19:10,0.00
11106201,Rosario Bridge,2021-04-08 19:00,0.00
11106201,Rosario Bridge,2021-04-08 18:50,0.00
11106201,Rosario Bridge,2021-04-08 18:40,0.00
11106201,Rosario Bridge,2021-04-08 18:30,0.00
11106201,Rosario Bridge,2021-04-08 18:20,0.00
11106201,Rosario Bridge,2021-04-08 18:10,0.00
11106201,Rosario Bridge,2021-04-08 18:00,0.00
11106201,Rosario Bridge,2021-04-08 17:50,0.00
11106201,Rosario Bridge,2021-04-08 17:40,0.00
11106201,Rosario Bridge,2021-04-08 17:30,0.00
11106201,Rosario Bridge,2021-04-08 17:20,0.00
11106201,Rosario Bridge,2021-04-08 17:10,0.00
11106201,Rosario Bridge,2021-04-08 17:00,0.00
11106201,Rosario Bridge,2021-04-08 16:50,0.00
11106201,Rosario Bridge,2021-04-08 16:40,0.00
11106201,Rosario Bridge,2021-04-08 16:30,0.00
11106201,Rosario Bridge,2021-04-08 16:20,0.00
11106201,Rosario Bridge,2021-04-08 16:10,0.00
11106201,Rosario Bridge,2021-04-08 16:00,0.00
11106201,Rosario Bridge,2021-04-08 15:50,0.00
11106201,Rosario Bridge,2021-04-08 15:40,0.00
11106201,Rosario Bridge,2021-04-08 15:30,0.00
11106201,Rosario Bridge,2021-04-08 15:20,0.00
11106201,Rosario Bridge,2021-04-08 15:10,0.00
11106201,Rosario Bridge,2021-04-08 15:00,0.00
11106201,Rosario Bridge,2021-04-08 14:50,0.00
11106201,Rosario Bridge,2021-04-08 14:40,0.00
11106201,Rosario Bridge,2021-04-08 14:30,0.00
11106201,Rosario Bridge,2021-04-08 14:20,0.00
11106201,Rosario Bridge,2021-04-08 14:10,0.00
11106201,Rosario Bridge,2021-04-08 14:00,0.00
11106201,Rosario Bridge,2021-04-08 13:50,0.00
11106201,Rosario Bridge,2021-04-08 13:40,0.00
11106201,Rosario Bridge,2021-04-08 13:30,0.00
11106201,Rosario Bridge,2021-04-08 13:20,0.00
11106201,Rosario Bridge,2021-04-08 13:10,0.00
11106201,Rosario Bridge,2021-04-08 12:50,0.00
11106201,Rosario Bridge,2021-04-08 12:40,0.00
11203203,San Juan School,2021-04-08 23:50,11.13
11203203,San Juan School,2021-04-08 23:40,11.13
11203203,San Juan School,2021-04-08 23:30,11.13
11203203,San Juan School,2021-04-08 23:20,11.13
11203203,San Juan School,2021-04-08 23:10,11.13
11203203,San Juan School,2021-04-08 23:00,11.13
11203203,San Juan School,2021-04-08 22:50,11.25
11203203,San Juan School,2021-04-08 22:40,11.25
11203203,San Juan School,2021-04-08 22:30,11.25
11203203,San Juan School,2021-04-08 22:20,11.25
11203203,San Juan School,2021-04-08 22:10,11.25
11203203,San Juan School,2021-04-08 22:00,11.25
11203203,San Juan School,2021-04-08 21:50,11.30
11203203,San Juan School,2021-04-08 21:40,11.30
11203203,San Juan School,2021-04-08 21:30,11.30
11203203,San Juan School,2021-04-08 21:20,11.30
11203203,San Juan School,2021-04-08 21:10,11.30
11203203,San Juan School,2021-04-08 21:00,11.30
11203203,San Juan School,2021-04-08 20:50,11.34
11203203,San Juan School,2021-04-08 20:40,11.34
11203203,San Juan School,2021-04-08 20:30,11.34
11203203,San Juan School,2021-04-08 20:20,11.34
11203203,San Juan School,2021-04-08 20:10,11.34
11203203,San Juan School,2021-04-08 20:00,11.34
11203203,San Juan School,2021-04-08 19:50,11.34
11203203,San Juan School,2021-04-08 19:40,11.34
11203203,San Juan School,2021-04-08 19:30,11.34
11203203,San Juan School,2021-04-08 19:20,11.34
11203203,San Juan School,2021-04-08 19:10,11.34
11203203,San Juan School,2021-04-08 19:00,11.34
11203203,San Juan School,2021-04-08 18:50,11.30
11203203,San Juan School,2021-04-08 18:40,11.30
11203203,San Juan School,2021-04-08 18:30,11.30
11203203,San Juan School,2021-04-08 18:20,11.30
11203203,San Juan School,2021-04-08 18:10,11.30
11203203,San Juan School,2021-04-08 18:00,11.30
11203203,San Juan School,2021-04-08 17:50,11.20
11203203,San Juan School,2021-04-08 17:40,11.20
11203203,San Juan School,2021-04-08 17:30,11.20
11203203,San Juan School,2021-04-08 17:20,11.20
11203203,San Juan School,2021-04-08 17:10,11.20
11203203,San Juan School,2021-04-08 17:00,11.20
11203203,San Juan School,2021-04-08 16:50,11.11
11203203,San Juan School,2021-04-08 16:40,11.11
11203203,San Juan School,2021-04-08 16:30,11.11
11203203,San Juan School,2021-04-08 16:20,11.11
11203203,San Juan School,2021-04-08 16:10,11.11
11203203,San Juan School,2021-04-08 16:00,11.11
11203203,San Juan School,2021-04-08 15:50,11.03
11203203,San Juan School,2021-04-08 15:40,11.03
11203203,San Juan School,2021-04-08 15:30,11.03
11203203,San Juan School,2021-04-08 15:20,11.03
11203203,San Juan School,2021-04-08 15:10,11.03
11203203,San Juan School,2021-04-08 15:00,11.03
11203203,San Juan School,2021-04-08 14:50,10.97
11203203,San Juan School,2021-04-08 14:40,10.97
11203203,San Juan School,2021-04-08 14:30,10.97
11203203,San Juan School,2021-04-08 14:20,10.97
11203203,San Juan School,2021-04-08 14:10,10.97
11203203,San Juan School,2021-04-08 14:00,10.97
11203203,San Juan School,2021-04-08 13:50,10.93
11203203,San Juan School,2021-04-08 13:40,10.93
11203203,San Juan School,2021-04-08 13:30,10.93
11203203,San Juan School,2021-04-08 13:20,10.93
11203203,San Juan School,2021-04-08 13:10,10.93
11203203,San Juan School,2021-04-08 12:50,10.93
11203203,San Juan School,2021-04-08 12:40,10.93
11203203,San Juan School,2021-04-08 12:30,10.93
11203203,San Juan School,2021-04-08 12:20,10.93
11203203,San Juan School,2021-04-08 12:10,10.93
11203203,San Juan School,2021-04-08 12:00,10.93
11203203,San Juan School,2021-04-08 11:50,0.00
11203203,San Juan School,2021-04-08 11:40,0.00
11103201,San Mateo-1,2021-04-08 23:50,0.00
11103201,San Mateo-1,2021-04-08 23:40,0.00
11103201,San Mateo-1,2021-04-08 23:30,0.00
11103201,San Mateo-1,2021-04-08 23:20,0.00
11103201,San Mateo-1,2021-04-08 23:10,0.00
11103201,San Mateo-1,2021-04-08 23:00,0.00
11103201,San Mateo-1,2021-04-08 22:50,0.00
11103201,San Mateo-1,2021-04-08 22:40,0.00
11103201,San Mateo-1,2021-04-08 22:30,0.00
11103201,San Mateo-1,2021-04-08 22:20,0.00
11103201,San Mateo-1,2021-04-08 22:10,0.00
11103201,San Mateo-1,2021-04-08 22:00,0.00
11103201,San Mateo-1,2021-04-08 21:50,0.00
11103201,San Mateo-1,2021-04-08 21:40,0.00
11103201,San Mateo-1,2021-04-08 21:30,0.00
11103201,San Mateo-1,2021-04-08 21:20,0.00
11103201,San Mateo-1,2021-04-08 21:10,0.00
11103201,San Mateo-1,2021-04-08 21:00,0.00
11103201,San Mateo-1,2021-04-08 20:50,0.00
11103201,San Mateo-1,2021-04-08 20:40,0.00
11103201,San Mateo-1,2021-04-08 20:30,0.00
11103201,San Mateo-1,2021-04-08 20:20,0.00
11103201,San Mateo-1,2021-04-08 20:10,0.00
11103201,San Mateo-1,2021-04-08 20:00,0.00
11103201,San Mateo-1,2021-04-08 19:50,0.00
11103201,San Mateo-1,2021-04-08 19:40,0.00
11103201,San Mateo-1,2021-04-08 19:30,0.00
11103201,San Mateo-1,2021-04-08 19:20,0.00
11103201,San Mateo-1,2021-04-08 19:10,0.00
11103201,San Mateo-1,2021-04-08 19:00,0.00
11103201,San Mateo-1,2021-04-08 18:50,0.00
11103201,San Mateo-1,2021-04-08 18:40,0.00
11103201,San Mateo-1,2021-04-08 18:30,0.00
11103201,San Mateo-1,2021-04-08 18:20,0.00
11103201,San Mateo-1,2021-04-08 18:10,0.00
11103201,San Mateo-1,2021-04-08 18:00,0.00
11103201,San Mateo-1,2021-04-08 17:50,0.00
11103201,San Mateo-1,2021-04-08 17:40,0.00
11103201,San Mateo-1,2021-04-08 17:30,0.00
11103201,San Mateo-1,2021-04-08 17:20,0.00
11103201,San Mateo-1,2021-04-08 17:10,0.00
11103201,San Mateo-1,2021-04-08 17:00,0.00
11103201,San Mateo-1,2021-04-08 16:50,0.00
11103201,San Mateo-1,2021-04-08 16:40,0.00
11103201,San Mateo-1,2021-04-08 16:30,0.00
11103201,San Mateo-1,2021-04-08 16:20,0.00
11103201,San Mateo-1,2021-04-08 16:10,0.00
11103201,San Mateo-1,2021-04-08 16:00,0.00
11103201,San Mateo-1,2021-04-08 15:50,0.00
11103201,San Mateo-1,2021-04-08 15:40,0.00
11103201,San Mateo-1,2021-04-08 15:30,0.00
11103201,San Mateo-1,2021-04-08 15:20,0.00
11103201,San Mateo-1,2021-04-08 15:10,0.00
11103201,San Mateo-1,2021-04-08 15:00,0.00
11103201,San Mateo-1,2021-04-08 14:50,0.00
11103201,San Mateo-1,2021-04-08 14:40,0.00
11103201,San Mateo-1,2021-04-08 14:30,0.00
11103201,San Mateo-1,2021-04-08 14:20,0.00
11103201,San Mateo-1,2021-04-08 14:10,0.00
11103201,San Mateo-1,2021-04-08 14:00,0.00
11103201,San Mateo-1,2021-04-08 13:50,0.00
11103201,San Mateo-1,2021-04-08 13:40,0.00
11103201,San Mateo-1,2021-04-08 13:30,0.00
11103201,San Mateo-1,2021-04-08 13:20,0.00
11103201,San Mateo-1,2021-04-08 13:10,0.00
11103201,San Mateo-1,2021-04-08 12:50,0.00
11103201,San Mateo-1,2021-04-08 12:40,0.00
11104201,Sto Nino,2021-04-08 23:50,0.00
11104201,Sto Nino,2021-04-08 23:40,0.00
11104201,Sto Nino,2021-04-08 23:30,0.00
11104201,Sto Nino,2021-04-08 23:20,0.00
11104201,Sto Nino,2021-04-08 23:10,0.00
11104201,Sto Nino,2021-04-08 23:00,0.00
11104201,Sto Nino,2021-04-08 22:50,0.00
11104201,Sto Nino,2021-04-08 22:40,0.00
11104201,Sto Nino,2021-04-08 22:30,0.00
11104201,Sto Nino,2021-04-08 22:20,0.00
11104201,Sto Nino,2021-04-08 22:10,0.00
11104201,Sto Nino,2021-04-08 22:00,0.00
11104201,Sto Nino,2021-04-08 21:50,0.00
11104201,Sto Nino,2021-04-08 21:40,0.00
11104201,Sto Nino,2021-04-08 21:30,0.00
11104201,Sto Nino,2021-04-08 21:20,0.00
11104201,Sto Nino,2021-04-08 21:10,0.00
11104201,Sto Nino,2021-04-08 21:00,0.00
11104201,Sto Nino,2021-04-08 20:50,0.00
11104201,Sto Nino,2021-04-08 20:40,0.00
11104201,Sto Nino,2021-04-08 20:30,0.00
11104201,Sto Nino,2021-04-08 20:20,0.00
11104201,Sto Nino,2021-04-08 20:10,0.00
11104201,Sto Nino,2021-04-08 20:00,0.00
11104201,Sto Nino,2021-04-08 19:50,0.00
11104201,Sto Nino,2021-04-08 19:40,0.00
11104201,Sto Nino,2021-04-08 19:30,0.00
11104201,Sto Nino,2021-04-08 19:20,0.00
11104201,Sto Nino,2021-04-08 19:10,0.00
11104201,Sto Nino,2021-04-08 19:00,0.00
11104201,Sto Nino,2021-04-08 18:50,0.00
11104201,Sto Nino,2021-04-08 18:40,0.00
11104201,Sto Nino,2021-04-08 18:30,0.00
11104201,Sto Nino,2021-04-08 18:20,0.00
11104201,Sto Nino,2021-04-08 18:10,0.00
11104201,Sto Nino,2021-04-08 18:00,0.00
11104201,Sto Nino,2021-04-08 17:50,0.00
11104201,Sto Nino,2021-04-08 17:40,0.00
11104201,Sto Nino,2021-04-08 17:30,0.00
11104201,Sto Nino,2021-04-08 17:20,0.00
11104201,Sto Nino,2021-04-08 17:10,0.00
11104201,Sto Nino,2021-04-08 17:00,0.00
11104201,Sto Nino,2021-04-08 16:50,0.00
11104201,Sto Nino,2021-04-08 16:40,0.00
11104201,Sto Nino,2021-04-08 16:30,0.00
11104201,Sto Nino,2021-04-08 16:20,0.00
11104201,Sto Nino,2021-04-08 16:10,0.00
11104201,Sto Nino,2021-04-08 16:00,0.00
11104201,Sto Nino,2021-04-08 15:50,0.00
11104201,Sto Nino,2021-04-08 15:40,0.00
11104201,Sto Nino,2021-04-08 15:30,0.00
11104201,Sto Nino,2021-04-08 15:20,0.00
11104201,Sto Nino,2021-04-08 15:10,0.00
11104201,Sto Nino,2021-04-08 15:00,0.00
11104201,Sto Nino,2021-04-08 14:50,0.00
11104201,Sto Nino,2021-04-08 14:40,0.00
11104201,Sto Nino,2021-04-08 14:30,0.00
11104201,Sto Nino,2021-04-08 14:20,0.00
11104201,Sto Nino,2021-04-08 14:10,0.00
11104201,Sto Nino,2021-04-08 14:00,0.00
11104201,Sto Nino,2021-04-08 13:50,0.00
11104201,Sto Nino,2021-04-08 13:40,0.00
11104201,Sto Nino,2021-04-08 13:30,0.00
11104201,Sto Nino,2021-04-08 13:20,0.00
11104201,Sto Nino,2021-04-08 13:10,0.00
11104201,Sto Nino,2021-04-08 12:50,0.00
11104201,Sto Nino,2021-04-08 12:40,0.00
11103203,Tumana Bridge,2021-04-08 23:50,0.00
11103203,Tumana Bridge,2021-04-08 23:40,0.00
11103203,Tumana Bridge,2021-04-08 23:30,0.00
11103203,Tumana Bridge,2021-04-08 23:20,0.00
11103203,Tumana Bridge,2021-04-08 23:10,0.00
11103203,Tumana Bridge,2021-04-08 23:00,0.00
11103203,Tumana Bridge,2021-04-08 22:50,0.00
11103203,Tumana Bridge,2021-04-08 22:40,0.00
11103203,Tumana Bridge,2021-04-08 22:30,0.00
11103203,Tumana Bridge,2021-04-08 22:20,0.00
11103203,Tumana Bridge,2021-04-08 22:10,0.00
11103203,Tumana Bridge,2021-04-08 22:00,0.00
11103203,Tumana Bridge,2021-04-08 21:50,0.00
11103203,Tumana Bridge,2021-04-08 21:40,0.00
11103203,Tumana Bridge,2021-04-08 21:30,0.00
11103203,Tumana Bridge,2021-04-08 21:20,0.00
11103203,Tumana Bridge,2021-04-08 21:10,0.00
11103203,Tumana Bridge,2021-04-08 21:00,0.00
11103203,Tumana Bridge,2021-04-08 20:50,0.00
11103203,Tumana Bridge,2021-04-08 20:40,0.00
11103203,Tumana Bridge,2021-04-08 20:30,0.00
11103203,Tumana Bridge,2021-04-08 20:20,0.00
11103203,Tumana Bridge,2021-04-08 20:10,0.00
11103203,Tumana Bridge,2021-04-08 20:00,0.00
11103203,Tumana Bridge,2021-04-08 19:50,0.00
11103203,Tumana Bridge,2021-04-08 19:40,0.00
11103203,Tumana Bridge,2021-04-08 19:30,0.00
11103203,Tumana Bridge,2021-04-08 19:20,0.00
11103203,Tumana Bridge,2021-04-08 19:10,0.00
11103203,Tumana Bridge,2021-04-08 19:00,0.00
11103203,Tumana Bridge,2021-04-08 18:50,0.00
11103203,Tumana Bridge,2021-04-08 18:40,0.00
11103203,Tumana Bridge,2021-04-08 18:30,0.00
11103203,Tumana Bridge,2021-04-08 18:20,0.00
11103203,Tumana Bridge,2021-04-08 18:10,0.00
11103203,Tumana Bridge,2021-04-08 18:00,0.00
11103203,Tumana Bridge,2021-04-08 17:50,0.00
11103203,Tumana Bridge,2021-04-08 17:40,0.00
11103203,Tumana Bridge,2021-04-08 17:30,0.00
11103203,Tumana Bridge,2021-04-08 17:20,0.00
11103203,Tumana Bridge,2021-04-08 17:10,0.00
11103203,Tumana Bridge,2021-04-08 17:00,0.00
11103203,Tumana Bridge,2021-04-08 16:50,0.00
11103203,Tumana Bridge,2021-04-08 16:40,0.00
11103203,Tumana Bridge,2021-04-08 16:30,0.00
11103203,Tumana Bridge,2021-04-08 16:20,0.00
11103203,Tumana Bridge,2021-04-08 16:10,0.00
11103203,Tumana Bridge,2021-04-08 16:00,0.00
11103203,Tumana Bridge,2021-04-08 15:50,0.00
11103203,Tumana Bridge,2021-04-08 15:40,0.00
11103203,Tumana Bridge,2021-04-08 15:30,0.00
11103203,Tumana Bridge,2021-04-08 15:20,0.00
11103203,Tumana Bridge,2021-04-08 15:10,0.00
11103203,Tumana Bridge,2021-04-08 15:00,0.00
11103203,Tumana Bridge,2021-04-08 14:50,0.00
11103203,Tumana Bridge,2021-04-08 14:40,0.00
11103203,Tumana Bridge,2021-04-08 14:30,0.00
11103203,Tumana Bridge,2021-04-08 14:20,0.00
11103203,Tumana Bridge,2021-04-08 14:10,0.00
11103203,Tumana Bridge,2021-04-08 14:00,0.00
11103203,Tumana Bridge,2021-04-08 13:50,0.00
11103203,Tumana Bridge,2021-04-08 13:40,0.00
11103203,Tumana Bridge,2021-04-08 13:30,0.00
11103203,Tumana Bridge,2021-04-08 13:20,0.00
11103203,Tumana Bridge,2021-04-08 13:10,0.00
11103203,Tumana Bridge,2021-04-08 12:50,0.00
11103203,Tumana Bridge,2021-04-08 12:40,0.00
11303201,Ugong,2021-04-08 23:50,0.00
11303201,Ugong,2021-04-08 23:40,0.00
11303201,Ugong,2021-04-08 23:30,0.00
11303201,Ugong,2021-04-08 23:20,0.00
11303201,Ugong,2021-04-08 23:10,0.00
11303201,Ugong,2021-04-08 23:00,0.00
11303201,Ugong,2021-04-08 22:50,0.00
11303201,Ugong,2021-04-08 22:40,0.00
11303201,Ugong,2021-04-08 22:30,0.00
11303201,Ugong,2021-04-08 22:20,0.00
11303201,Ugong,2021-04-08 22:10,0.00
11303201,Ugong,2021-04-08 22:00,0.00
11303201,Ugong,2021-04-08 21:50,0.00
11303201,Ugong,2021-04-08 21:40,0.00
11303201,Ugong,2021-04-08 21:30,0.00
11303201,Ugong,2021-04-08 21:20,0.00
11303201,Ugong,2021-04-08 21:10,0.00
11303201,Ugong,2021-04-08 21:00,0.00
11303201,Ugong,2021-04-08 20:50,0.00
11303201,Ugong,2021-04-08 20:40,0.00
11303201,Ugong,2021-04-08 20:30,0.00
11303201,Ugong,2021-04-08 20:20,0.00
11303201,Ugong,2021-04-08 20:10,0.00
11303201,Ugong,2021-04-08 20:00,0.00
11303201,Ugong,2021-04-08 19:50,0.00
11303201,Ugong,2021-04-08 19:40,0.00
11303201,Ugong,2021-04-08 19:30,0.00
11303201,Ugong,2021-04-08 19:20,0.00
11303201,Ugong,2021-04-08 19:10,0.00
11303201,Ugong,2021-04-08 19:00,0.00
11303201,Ugong,2021-04-08 18:50,0.00
11303201,Ugong,2021-04-08 18:40,0.00
11303201,Ugong,2021-04-08 18:30,0.00
11303201,Ugong,2021-04-08 18:20,0.00
11303201,Ugong,2021-04-08 18:10,0.00
11303201,Ugong,2021-04-08 18:00,0.00
11303201,Ugong,2021-04-08 17:50,0.00
11303201,Ugong,2021-04-08 17:40,0.00
11303201,Ugong,2021-04-08 17:30,0.00
11303201,Ugong,2021-04-08 17:20,0.00
11303201,Ugong,2021-04-08 17:10,0.00
11303201,Ugong,2021-04-08 17:00,0.00
11303201,Ugong,2021-04-08 16:50,0.00
11303201,Ugong,2021-04-08 16:40,0.00
11303201,Ugong,2021-04-08 16:30,0.00
11303201,Ugong,2021-04-08 16:20,0.00
11303201,Ugong,2021-04-08 16:10,0.00
11303201,Ugong,2021-04-08 16:00,0.00
11303201,Ugong,2021-04-08 15:50,0.00
11303201,Ugong,2021-04-08 15:40,0.00
11303201,Ugong,2021-04-08 15:30,0.00
11303201,Ugong,2021-04-08 15:20,0.00
11303201,Ugong,2021-04-08 15:10,0.00
11303201,Ugong,2021-04-08 15:00,0.00
11303201,Ugong,2021-04-08 14:50,0.00
11303201,Ugong,2021-04-08 14:40,0.00
11303201,Ugong,2021-04-08 14:30,0.00
11303201,Ugong,2021-04-08 14:20,0.00
11303201,Ugong,2021-04-08 14:10,0.00
11303201,Ugong,2021-04-08 14:00,0.00
11303201,Ugong,2021-04-08 13:50,0.00
11303201,Ugong,2021-04-08 13:40,0.00
11303201,Ugong,2021-04-08 13:30,0.00
11303201,Ugong,2021-04-08 13:20,0.00
11303201,Ugong,2021-04-08 13:10,0.00
11303201,Ugong,2021-04-08 12:50,0.00
11303201,Ugong,2021-04-08 12:40,0.00
